,State,City,Pop,PCI,P total,price,rating,review,Total,Price perc
0,ak,sitka city and borough,8647,66157,1,3.0,4.5,72.0,26.0,0.038461538461538464
1,ak,kenai peninsula borough,58533,50466,3,3.0,4.166666666666667,55.0,45.0,0.06666666666666667
2,ak,juneau city and borough,32113,62774,1,3.0,3.5,138.0,94.0,0.010638297872340425
3,ak,haines borough,2474,53013,1,3.0,3.0,6.0,12.0,0.08333333333333333
4,ak,anchorage municipality,291538,61425,8,3.125,3.5625,259.25,625.0,0.0128
5,al,tuscaloosa,101113,35365,2,3.5,3.5,48.0,341.0,0.005865102639296188
6,al,mobile,189572,34661,6,3.0,4.0,61.5,542.0,0.01107011070110701
7,al,clay,9646,29443,1,4.0,3.5,5.0,373.0,0.002680965147453083
8,al,madison,50440,45274,5,3.0,3.8,217.0,683.0,0.007320644216691069
9,ar,washington,167,35135,1,3.0,4.5,14.0,186.0,0.005376344086021506
10,ar,searcy,23768,26785,1,3.0,4.0,5.0,77.0,0.012987012987012988
11,ar,marion,12364,27465,7,3.0,3.642857142857143,240.57142857142858,425.0,0.01647058823529412
12,ar,garland,239,35645,1,4.0,4.0,49.0,122.0,0.00819672131147541
13,ar,franklin,191,31801,1,4.0,4.0,14.0,5.0,0.2
14,ca,tulare,64475,37121,1,3.0,3.5,243.0,452.0,0.0022123893805309734
15,ca,san diego,1425976,52214,9,3.0,4.166666666666667,1772.7777777777778,3500.0,0.0025714285714285713
16,ca,sonoma,11248,51565,4,3.25,3.875,473.25,100.0,0.04
17,ca,santa cruz,64725,56549,5,3.0,4.0,154.0,436.0,0.011467889908256881
18,ca,santa clara,129488,79055,9,3.111111111111111,4.0,891.0,2400.0,0.00375
19,ca,santa barbara,91350,53758,11,3.0,4.090909090909091,471.8181818181818,601.0,0.018302828618968387
20,ca,san mateo,105025,93765,8,3.25,4.125,677.875,1100.0,0.007272727272727273
21,ca,san luis obispo,47446,48532,3,3.3333333333333335,4.333333333333333,321.3333333333333,225.0,0.013333333333333334
22,ca,san joaquin,4032,37643,1,4.0,5.0,9.0,46.0,0.021739130434782608
23,ca,san francisco,883305,99990,21,3.0952380952380953,4.0476190476190474,1644.095238095238,4300.0,0.004883720930232558
24,ca,ventura,111128,53031,5,3.2,3.9,203.8,911.0,0.005488474204171241
25,ca,sacramento,508529,45187,9,3.111111111111111,4.111111111111111,628.7777777777778,2000.0,0.0045
26,ca,riverside,330063,34753,2,3.0,4.25,396.0,976.0,0.0020491803278688526
27,ca,alameda,78338,59085,7,3.0,3.9285714285714284,434.42857142857144,1700.0,0.00411764705882353
28,ca,san bernardino,215941,34320,2,3.0,3.75,561.5,1800.0,0.0011111111111111111
29,ca,fresno,530093,37434,7,3.0,4.142857142857143,345.42857142857144,1400.0,0.005
30,ca,los angeles,3990456,52233,12,3.25,4.0,1943.9166666666667,8200.0,0.0014634146341463415
31,ca,merced,83316,35361,1,3.0,3.5,64.0,167.0,0.005988023952095809
32,ca,monterey,28289,47557,11,3.090909090909091,4.090909090909091,404.0,457.0,0.024070021881838075
33,ca,napa,79263,59563,19,3.1578947368421053,4.0,1110.8947368421052,445.0,0.04269662921348315
34,ca,orange,139484,57165,9,3.3333333333333335,4.222222222222222,1338.4444444444443,2600.0,0.0034615384615384616
35,ca,madera,65706,35754,1,3.0,2.5,58.0,126.0,0.007936507936507936
36,co,montezuma,68,39527,5,3.4,3.7,225.0,183.0,0.0273224043715847
37,co,pueblo,111750,33932,1,4.0,4.5,64.0,246.0,0.0040650406504065045
38,co,ouray,1010,51437,2,3.0,4.25,161.5,19.0,0.10526315789473684
39,co,moffat,120,40342,1,3.0,4.5,52.0,230.0,0.004347826086956522
40,co,denver,716492,68046,16,3.125,4.28125,656.6875,2900.0,0.005517241379310344
41,co,delta,8920,33209,1,3.0,4.0,11.0,30.0,0.03333333333333333
42,ct,tolland,14655,50980,1,4.0,2.5,14.0,57.0,0.017543859649122806
43,ct,litchfield,8127,56884,6,3.3333333333333335,3.9166666666666665,117.16666666666667,99.0,0.06060606060606061
44,ct,new haven,130418,50286,8,3.0,3.875,252.0,818.0,0.009779951100244499
45,ct,new london,26939,51200,1,3.0,3.5,87.0,224.0,0.004464285714285714
46,ct,hartford,122587,57564,8,3.125,3.8125,208.0,762.0,0.010498687664041995
47,ct,fairfield,61952,102612,8,3.125,3.6875,90.625,516.0,0.015503875968992248
48,de,new castle,5529,49300,1,3.0,3.5,86.0,494.0,0.0020242914979757085
49,fl,sarasota,57738,54984,14,3.142857142857143,4.035714285714286,128.14285714285714,1300.0,0.010769230769230769
50,fl,palm beach,8802,66126,15,3.1333333333333333,4.033333333333333,174.4,748.0,0.020053475935828877
51,ga,jefferson,11704,28456,1,3.0,4.5,214.0,271.0,0.0036900369003690036
52,ga,morgan,1846,41424,2,3.0,4.25,39.0,668.0,0.0029940119760479044
53,ga,pulaski,269,25958,1,4.0,2.0,6.0,223.0,0.004484304932735426
54,ga,washington,4001,31659,1,3.0,3.0,6.0,15.0,0.06666666666666667
55,ga,macon,153095,28018,5,3.0,3.9,97.0,373.0,0.013404825737265416
56,ga,haralson,193,31520,1,3.0,4.5,107.0,27.0,0.037037037037037035
57,ga,gordon,1882,30915,3,3.0,4.0,111.33333333333333,720.0,0.004166666666666667
58,ga,douglas,11616,31349,1,3.0,4.0,11.0,46.0,0.021739130434782608
59,ga,decatur,25732,31946,3,3.0,4.0,677.0,351.0,0.008547008547008548
60,ga,brooks,555,31146,1,3.0,4.5,107.0,352.0,0.002840909090909091
61,hi,honolulu,347397,50988,10,3.1,4.1,592.4,2700.0,0.003703703703703704
62,ia,franklin,134,50235,1,3.0,4.0,18.0,33.0,0.030303030303030304
63,ia,des moines,216853,46007,5,3.0,4.1,140.8,1000.0,0.005
64,ia,dubuque,57941,42870,3,3.0,4.333333333333333,125.0,180.0,0.016666666666666666
65,ia,keokuk,10274,42783,1,4.0,2.5,14.0,21.0,0.047619047619047616
66,ia,tama,2745,40729,1,3.0,4.0,1.0,9.0,0.1111111111111111
67,ia,marion,39979,40851,1,3.0,3.0,37.0,306.0,0.0032679738562091504
68,ia,plymouth,363,52006,1,3.0,3.5,16.0,117.0,0.008547008547008548
69,id,boise,228790,36229,8,3.125,4.25,296.5,931.0,0.008592910848549946
70,id,shoshone,1511,33851,1,3.0,4.0,54.0,342.0,0.0029239766081871343
71,id,teton,733,31214,1,3.0,4.5,38.0,102.0,0.00980392156862745
72,il,franklin,2473,34652,2,3.5,3.0,33.0,347.0,0.005763688760806916
73,il,montgomery,637,33349,1,3.0,3.5,24.0,296.0,0.0033783783783783786
74,il,morgan,345,36602,1,3.0,3.5,3.0,42.0,0.023809523809523808
75,il,lake,941,68199,15,3.1333333333333333,4.3,1269.9333333333334,15400.0,0.000974025974025974
76,il,champaign,88029,42659,1,3.0,4.0,227.0,389.0,0.002570694087403599
77,il,dekalb,42611,35809,1,3.0,4.0,122.0,132.0,0.007575757575757576
78,il,hamilton,2740,41048,1,4.0,2.5,14.0,28.0,0.03571428571428571
79,il,macon,1120,44811,1,4.0,2.0,5.0,252.0,0.003968253968253968
80,il,madison,3794,40943,13,3.3076923076923075,4.0,174.84615384615384,1800.0,0.007222222222222222
81,il,douglas,157,45461,9,3.2222222222222223,3.5555555555555554,286.6666666666667,629.0,0.014308426073131956
82,il,peoria,111388,46148,5,3.0,3.8,67.2,505.0,0.009900990099009901
83,il,rock island,37678,39842,4,3.0,3.75,83.5,409.0,0.009779951100244499
84,il,lasalle,9064,39378,1,3.0,4.0,40.0,139.0,0.007194244604316547
85,il,marion,17620,38112,1,3.0,4.0,27.0,92.0,0.010869565217391304
86,il,wayne,66483,40354,8,3.0,3.8125,231.875,1500.0,0.005333333333333333
87,il,de witt,461,48628,1,4.0,2.0,5.0,327.0,0.0030581039755351682
88,il,cass,601,38103,1,3.0,3.5,3.0,93.0,0.010752688172043012
89,il,pope,214,26405,4,3.0,3.625,13.5,215.0,0.018604651162790697
90,il,edgar,449,37073,2,3.0,4.25,10.0,22.0,0.09090909090909091
91,il,will,1805,45465,2,3.0,3.5,228.0,227.0,0.00881057268722467
92,il,jefferson,255,35726,1,3.0,4.0,74.0,61.0,0.01639344262295082
93,il,greene,1543,34501,1,3.0,4.5,2.0,7.0,0.14285714285714285
94,il,sangamon,2333,43441,4,3.25,3.125,39.25,373.0,0.010723860589812333
95,in,vigo,3964,34509,4,3.0,3.875,44.0,192.0,0.020833333333333332
96,in,steuben,2859,36506,2,3.0,3.5,21.5,64.0,0.03125
97,in,floyd,4051,47171,1,3.0,4.0,1.0,227.0,0.004405286343612335
98,in,porter,4825,45101,1,3.0,2.5,7.0,87.0,0.011494252873563218
99,in,marion,28047,46320,1,4.0,4.0,5.0,76.0,0.013157894736842105
100,in,lawrence,49046,34913,4,3.0,4.25,396.5,1700.0,0.002352941176470588
101,in,hamilton,1580,64213,2,3.0,3.5,7.0,253.0,0.007905138339920948
102,in,fulton,318,36386,3,3.0,3.5,37.0,173.0,0.017341040462427744
103,in,elkhart,52367,38511,4,3.5,4.0,57.75,326.0,0.012269938650306749
104,in,brown,2647,40633,4,3.25,3.625,479.75,1400.0,0.002857142857142857
105,in,cass,338,34954,1,3.0,3.5,16.0,51.0,0.0196078431372549
106,in,benton,3128,39432,1,3.0,3.5,52.0,295.0,0.003389830508474576
107,in,miami,1273,31354,19,3.210526315789474,3.8421052631578947,517.578947368421,3300.0,0.005757575757575757
108,in,jackson,532,38888,1,3.0,3.0,2.0,13.0,0.07692307692307693
109,in,lake,2433,38485,3,3.0,4.166666666666667,211.66666666666666,315.0,0.009523809523809525
110,in,clay,3540,33864,3,3.0,4.0,337.3333333333333,122.0,0.02459016393442623
111,in,st. joseph,75633,41274,2,3.0,4.0,116.5,302.0,0.006622516556291391
112,in,ohio,1930,35220,2,3.0,4.0,110.5,481.0,0.004158004158004158
113,ks,sheridan,212,52677,1,3.0,3.5,3.0,17.0,0.058823529411764705
114,ks,pottawatomie,197,48438,1,3.0,4.5,23.0,161.0,0.006211180124223602
115,ks,comanche,438,38696,1,3.0,4.5,6.0,125.0,0.008
116,ks,douglas,108,37883,5,3.0,3.8,78.6,953.0,0.005246589716684155
117,ks,wabaunsee,521,45431,1,3.0,4.5,23.0,168.0,0.005952380952380952
118,ks,sumner,157,36574,1,3.0,4.5,7.0,17.0,0.058823529411764705
119,ks,reno,1506,36148,1,3.0,4.5,3.0,118.0,0.00847457627118644
120,ks,kiowa,941,31897,1,3.0,4.5,6.0,26.0,0.038461538461538464
121,ks,allen,174,36328,3,3.3333333333333335,4.333333333333333,41.0,629.0,0.0047694753577106515
122,ks,wichita,389255,83074,5,3.0,3.7,135.4,800.0,0.00625
123,ks,shawnee,65845,41498,11,3.0,4.2272727272727275,188.1818181818182,1900.0,0.005789473684210527
124,ks,sedgwick,1641,50815,1,3.0,5.0,22.0,84.0,0.011904761904761904
125,ks,meade,1565,55983,1,3.0,1.0,2.0,11.0,0.09090909090909091
126,ks,osborne,1291,42878,1,3.0,4.0,8.0,146.0,0.00684931506849315
127,ky,union,5930,33296,3,3.0,3.1666666666666665,111.33333333333333,583.0,0.005145797598627788
128,ky,jefferson,27997,44719,11,3.090909090909091,4.045454545454546,208.63636363636363,1300.0,0.008461538461538461
129,ky,henderson,28432,36154,2,3.0,4.0,49.0,421.0,0.004750593824228029
130,ky,hardin,610,38575,3,3.0,4.0,8.333333333333334,356.0,0.008426966292134831
131,ky,carlisle,1959,42485,1,3.0,4.0,287.0,231.0,0.004329004329004329
132,la,lafayette,126143,53215,5,3.0,3.6,30.8,626.0,0.007987220447284345
133,la,jackson,3725,32037,1,3.0,3.5,15.0,163.0,0.006134969325153374
134,la,franklin,6786,27693,1,3.0,4.0,8.0,19.0,0.05263157894736842
135,la,natchitoches,17831,33525,1,3.0,4.0,56.0,62.0,0.016129032258064516
136,ma,essex,3789,57540,1,3.0,3.5,3.0,19.0,0.05263157894736842
137,ma,plymouth,60803,56571,3,3.3333333333333335,3.3333333333333335,194.66666666666666,260.0,0.011538461538461539
138,ma,hampden,5220,44760,5,3.0,3.9,80.2,654.0,0.00764525993883792
139,ma,worcester,185877,49121,4,3.0,3.875,223.5,807.0,0.004956629491945477
140,ma,nantucket,11327,106895,14,3.2857142857142856,3.75,102.07142857142857,84.0,0.16666666666666666
141,md,baltimore,602495,53832,13,3.076923076923077,3.8846153846153846,463.46153846153845,3300.0,0.00393939393939394
142,md,frederick,72146,53601,2,3.0,4.0,373.0,412.0,0.0048543689320388345
143,md,somerset,1280,29709,2,3.5,4.25,164.0,37.0,0.05405405405405406
144,me,york,13151,44437,9,3.0,3.6666666666666665,180.66666666666666,377.0,0.023872679045092837
145,me,cumberland,8165,51659,9,3.111111111111111,3.7222222222222223,154.77777777777777,315.0,0.02857142857142857
146,me,franklin,1547,35108,2,3.0,4.5,30.0,57.0,0.03508771929824561
147,me,hancock,2415,44349,5,3.0,3.9,63.8,139.0,0.03597122302158273
148,me,oxford,4101,33163,1,3.0,4.0,22.0,54.0,0.018518518518518517
149,me,knox,792,42538,1,3.0,4.5,35.0,18.0,0.05555555555555555
150,me,waldo,860,36097,1,3.0,4.5,35.0,45.0,0.022222222222222223
151,mi,macomb,90758,40077,2,3.0,3.0,77.5,1200.0,0.0016666666666666668
152,mi,iosco,3847,32125,1,3.0,4.0,5.0,174.0,0.005747126436781609
153,mi,leelanau,2025,61797,6,3.1666666666666665,4.416666666666667,132.66666666666666,389.0,0.015424164524421594
154,mi,ingham,2524,35503,1,3.0,3.5,32.0,63.0,0.015873015873015872
155,mi,antrim,2095,39601,1,3.0,3.5,33.0,21.0,0.047619047619047616
156,mi,chippewa,211,29311,1,3.0,3.5,22.0,60.0,0.016666666666666666
157,mi,charlevoix,2499,43027,2,3.0,4.0,113.0,32.0,0.0625
158,mi,berrien,5027,40046,5,3.2,3.9,65.8,2600.0,0.0019230769230769232
159,mi,cheboygan,4712,33728,1,3.0,4.0,19.0,26.0,0.038461538461538464
160,mi,hillsdale,8049,31050,1,3.0,4.5,38.0,38.0,0.02631578947368421
161,mi,kalamazoo,76545,41547,2,3.5,3.25,35.0,488.0,0.004098360655737705
162,mi,marquette,20680,35194,1,4.0,3.5,83.0,79.0,0.012658227848101266
163,mi,menominee,8108,37545,1,3.0,4.5,49.0,65.0,0.015384615384615385
164,mi,alcona,913,32714,2,3.0,4.0,18.0,164.0,0.012195121951219513
165,mi,baraga,3595,29722,1,3.0,3.5,6.0,15.0,0.06666666666666667
166,mi,saginaw,48323,34086,1,3.0,3.5,8.0,280.0,0.0035714285714285713
167,mi,monroe,19715,39996,1,4.0,4.5,7.0,120.0,0.008333333333333333
168,mn,douglas,755,47165,4,3.0,4.125,91.5,269.0,0.01486988847583643
169,mn,crow wing,2092,39815,2,3.0,4.5,17.5,77.0,0.025974025974025976
170,mn,clay,75,39771,2,3.0,3.75,155.5,418.0,0.004784688995215311
171,mn,kanabec,932,36612,1,3.0,1.5,6.0,16.0,0.0625
172,mn,washington,739,57716,4,3.25,4.0,82.75,400.0,0.01
173,mn,sibley,252,43743,8,3.0,4.0,204.375,1300.0,0.006153846153846154
174,mn,scott,145,51927,1,3.0,3.5,40.0,37.0,0.02702702702702703
175,mn,winona,26813,43901,1,3.0,3.5,26.0,62.0,0.016129032258064516
176,mn,anoka,17543,44544,5,3.2,3.4,16.4,588.0,0.008503401360544218
177,mn,beltrami,102,36353,4,3.0,3.625,24.75,185.0,0.021621621621621623
178,mn,cottonwood,1245,45729,2,4.0,3.75,14.5,157.0,0.012738853503184714
179,mn,dakota,308,52542,4,3.25,4.125,95.0,218.0,0.01834862385321101
180,mn,freeborn,276,39340,1,3.0,3.5,5.0,68.0,0.014705882352941176
181,mn,grant,4152,47075,7,3.0,4.142857142857143,117.28571428571429,799.0,0.008760951188986232
182,mo,osage,1714,42259,2,3.0,4.25,35.5,175.0,0.011428571428571429
183,mo,st. louis,302838,61078,14,3.142857142857143,4.178571428571429,222.42857142857142,1600.0,0.00875
184,mo,st. charles,70764,46189,10,3.0,3.95,138.6,1300.0,0.007692307692307693
185,mo,marion,222,36467,1,3.0,3.0,30.0,140.0,0.007142857142857143
186,mo,jefferson,502,36892,1,3.0,3.0,30.0,152.0,0.006578947368421052
187,mo,cape girardeau,39853,39642,2,3.0,4.5,53.0,143.0,0.013986013986013986
188,mo,jasper,965,35333,2,3.5,4.0,12.5,363.0,0.005509641873278237
189,mo,holt,475,46764,1,3.0,5.0,6.0,70.0,0.014285714285714285
190,ms,grenada,12466,31056,1,3.0,3.5,14.0,38.0,0.02631578947368421
191,ms,jackson,164422,34845,2,3.0,4.5,55.0,786.0,0.002544529262086514
192,ms,tunica,916,30581,1,3.0,4.0,38.0,32.0,0.03125
193,mt,missoula,74428,40858,1,3.0,4.5,3.0,230.0,0.004347826086956522
194,mt,sheridan,750,57613,1,3.0,5.0,20.0,9.0,0.1111111111111111
195,mt,cascade,685,41893,1,3.0,4.0,19.0,165.0,0.006060606060606061
196,nc,rockingham,8776,33261,1,3.0,4.5,3.0,51.0,0.0196078431372549
197,nc,beaufort,4391,37538,4,3.25,4.5,107.25,75.0,0.05333333333333334
198,nc,cleveland,881,32809,1,3.0,4.0,490.0,325.0,0.003076923076923077
199,nc,davidson,12921,34484,6,3.3333333333333335,3.8333333333333335,118.5,851.0,0.007050528789659225
200,nc,durham,274291,43817,6,3.0,3.5833333333333335,118.16666666666667,745.0,0.008053691275167786
201,nc,franklin,4042,31256,1,4.0,3.5,21.0,60.0,0.016666666666666666
202,nd,williams,15,102808,1,4.0,2.5,9.0,89.0,0.011235955056179775
203,nd,steele,710,59264,1,4.0,1.0,1.0,16.0,0.0625
204,nd,renville,31,55901,1,3.0,4.0,6.0,127.0,0.007874015748031496
205,nd,richland,18,43573,1,3.0,3.0,38.0,177.0,0.005649717514124294
206,nd,oliver,10,46166,1,3.0,4.0,42.0,199.0,0.005025125628140704
207,nd,grant,105,40458,3,3.0,3.8333333333333335,76.0,177.0,0.01694915254237288
208,nd,mountrail,32,72079,2,3.0,3.25,9.0,33.0,0.06060606060606061
209,nd,burke,41,87338,1,3.0,4.0,6.0,37.0,0.02702702702702703
210,nd,ward,54,58394,1,3.0,4.0,6.0,143.0,0.006993006993006993
211,nd,billings,12,94629,3,3.0,4.0,29.333333333333332,71.0,0.04225352112676056
212,nd,barnes,21,49276,1,3.0,4.5,102.0,168.0,0.005952380952380952
213,nd,morton,45,50815,3,3.0,3.8333333333333335,64.66666666666667,178.0,0.016853932584269662
214,nd,mckenzie,99,81696,3,3.0,3.8333333333333335,76.0,182.0,0.016483516483516484
215,nd,grand forks,56948,46131,3,3.0,3.6666666666666665,29.666666666666668,128.0,0.0234375
216,nd,logan,37,53088,1,3.0,4.0,96.0,108.0,0.009259259259259259
217,ne,franklin,942,42262,1,3.0,4.0,31.0,15.0,0.06666666666666667
218,ne,lincoln,287401,46012,3,3.0,3.6666666666666665,59.333333333333336,581.0,0.0051635111876075735
219,ne,blaine,193,76590,1,4.0,4.0,4.0,19.0,0.05263157894736842
220,ne,logan,71,52193,1,4.0,4.0,4.0,89.0,0.011235955056179775
221,ne,dawes,352,36465,1,3.0,4.5,9.0,24.0,0.041666666666666664
222,ne,douglas,202,57890,2,3.0,3.75,105.5,607.0,0.0032948929159802307
223,ne,custer,103,50971,1,4.0,4.0,4.0,13.0,0.07692307692307693
224,nh,sullivan,675,45755,1,3.0,4.5,127.0,89.0,0.011235955056179775
225,nh,carroll,742,50020,1,4.0,4.0,25.0,27.0,0.037037037037037035
226,nh,grafton,1336,52320,1,4.0,5.0,27.0,15.0,0.06666666666666667
227,nh,merrimack,25969,51831,4,3.0,3.75,151.0,742.0,0.005390835579514825
228,nj,warren,15745,49188,4,3.0,3.25,143.5,563.0,0.007104795737122558
229,nj,ocean,26708,44949,10,3.1,3.8,132.8,571.0,0.017513134851138354
230,nj,union,5525,59230,16,3.1875,3.90625,176.5,1700.0,0.009411764705882352
231,nj,burlington,9884,53760,1,3.0,3.5,67.0,369.0,0.0027100271002710027
232,nj,morris,19145,84260,6,3.1666666666666665,3.9166666666666665,310.0,592.0,0.010135135135135136
233,nj,cape may,3448,51473,9,3.111111111111111,3.888888888888889,184.33333333333334,343.0,0.026239067055393587
234,nj,camden,73973,46905,25,3.04,4.18,408.52,3200.0,0.0078125
235,nj,passaic,69948,45746,2,3.5,3.5,51.0,681.0,0.002936857562408223
236,nj,gloucester,63884,47392,18,3.1666666666666665,4.083333333333333,243.77777777777777,2300.0,0.00782608695652174
237,nm,santa fe,84612,50557,9,3.111111111111111,3.9444444444444446,193.44444444444446,373.0,0.024128686327077747
238,nm,taos,5971,33342,2,3.0,3.75,118.0,94.0,0.02127659574468085
239,nv,carson city,55414,42537,1,3.0,4.0,40.0,186.0,0.005376344086021506
240,ny,lewis,1306,41061,2,3.0,4.5,3.0,16.0,0.125
241,ny,putnam,576,57163,3,3.0,3.8333333333333335,194.0,188.0,0.015957446808510637
242,ny,columbia,1517,48801,2,3.0,3.75,173.5,1000.0,0.002
243,ny,essex,636,39500,2,3.0,4.5,37.0,71.0,0.028169014084507043
244,ny,washington,4613,35304,6,3.0,3.9166666666666665,75.83333333333333,127.0,0.047244094488188976
245,ny,franklin,2257,33508,1,3.0,4.0,5.0,190.0,0.005263157894736842
246,ny,livingston,3473,36686,4,3.25,3.75,129.75,211.0,0.018957345971563982
247,ny,greene,5084,41786,1,4.0,4.5,14.0,9.0,0.1111111111111111
248,ny,schuyler,3329,38118,2,3.5,4.5,134.0,279.0,0.007168458781362007
249,ny,chautauqua,4256,36101,1,3.0,3.0,17.0,7.0,0.14285714285714285
250,ny,chenango,10596,36583,2,3.5,4.0,58.5,385.0,0.005194805194805195
251,ny,schenectady,65575,45851,10,3.1,3.8,85.3,993.0,0.010070493454179255
252,ny,rensselaer,9212,42725,4,3.0,3.625,123.75,477.0,0.008385744234800839
253,ny,oneida,10912,38764,2,3.5,4.5,50.0,68.0,0.029411764705882353
254,ny,new york,8398748,151128,20,3.15,4.1,1061.25,18800.0,0.0010638297872340426
255,ny,albany,97279,53791,4,3.0,3.875,144.5,1300.0,0.003076923076923077
256,ny,warren,1094,45095,1,3.0,3.5,47.0,64.0,0.015625
257,ny,orleans,2731,34128,2,3.0,3.75,40.5,30.0,0.06666666666666667
258,ny,ulster,12593,42913,6,3.0,4.083333333333333,115.33333333333333,345.0,0.017391304347826087
259,ny,rockland,3678,53434,5,3.0,3.7,201.4,666.0,0.0075075075075075074
260,ny,delaware,2579,34602,1,3.0,4.0,66.0,61.0,0.01639344262295082
261,ny,wayne,988,39367,1,3.0,4.0,31.0,39.0,0.02564102564102564
262,ny,jefferson,1421,42753,1,3.0,4.0,37.0,21.0,0.047619047619047616
263,ny,broome,989,38276,1,4.0,4.5,14.0,13.0,0.07692307692307693
264,ny,saratoga,5725,55809,12,3.1666666666666665,3.9583333333333335,103.58333333333333,289.0,0.04152249134948097
265,ny,orange,50092,45306,2,3.0,4.75,15.0,261.0,0.007662835249042145
266,ny,nassau,4783,75376,6,3.0,3.5833333333333335,55.166666666666664,409.0,0.014669926650366748
267,ny,madison,2900,38109,2,3.0,4.0,17.0,43.0,0.046511627906976744
268,ny,sullivan,15149,38880,2,3.0,3.75,68.5,88.0,0.022727272727272728
269,ny,niagara,8005,39110,18,3.1666666666666665,3.111111111111111,138.94444444444446,412.0,0.043689320388349516
270,ny,onondaga,22554,45252,4,3.0,3.75,87.0,660.0,0.006060606060606061
271,ny,steuben,1127,39559,1,3.0,4.0,31.0,19.0,0.05263157894736842
272,ny,seneca,2683,34271,3,3.0,4.166666666666667,50.0,148.0,0.02027027027027027
273,ny,montgomery,24022,36597,1,3.0,3.0,41.0,31.0,0.03225806451612903
274,oh,allen,1085,36813,2,3.0,3.75,42.0,151.0,0.013245033112582781
275,oh,butler,3448,40702,1,3.0,3.5,10.0,80.0,0.0125
276,oh,miami,42554,41460,1,3.0,4.0,38.0,64.0,0.015625
277,oh,ross,8885,32677,1,3.0,3.0,80.0,102.0,0.00980392156862745
278,oh,lawrence,2473,33507,1,3.0,4.0,55.0,600.0,0.0016666666666666668
279,oh,summit,610,45112,3,3.0,3.8333333333333335,113.66666666666667,663.0,0.004524886877828055
280,oh,muskingum,4538,36560,1,3.0,3.5,28.0,107.0,0.009345794392523364
281,oh,erie,1202,57133,1,3.0,1.0,5.0,182.0,0.005494505494505495
282,oh,holmes,1262,36069,1,3.0,4.0,34.0,26.0,0.038461538461538464
283,oh,lorain,64028,40458,2,3.0,4.0,79.5,422.0,0.004739336492890996
284,oh,clark,3030,36077,1,3.0,3.5,14.0,184.0,0.005434782608695652
285,oh,hamilton,62174,51996,2,3.0,3.0,64.5,881.0,0.0022701475595913734
286,oh,franklin,11686,45894,5,3.2,3.3,70.6,679.0,0.007363770250368188
287,oh,fairfield,42613,40094,1,3.0,4.0,580.0,402.0,0.0024875621890547263
288,oh,delaware,39930,63042,3,3.0,3.6666666666666665,127.33333333333333,419.0,0.007159904534606206
289,oh,ashtabula,18079,34087,2,3.0,4.0,22.5,137.0,0.014598540145985401
290,oh,medina,26072,47712,2,3.0,4.0,27.0,106.0,0.018867924528301886
291,oh,huron,6893,36022,1,3.0,2.5,19.0,95.0,0.010526315789473684
292,oh,sandusky,24714,36561,4,3.0,2.25,18.75,152.0,0.02631578947368421
293,oh,montgomery,10805,41017,5,3.0,3.3,84.2,546.0,0.009157509157509158
294,oh,lake,725,44891,14,3.0714285714285716,4.071428571428571,140.78571428571428,3800.0,0.0036842105263157894
295,oh,richland,6123,35138,1,3.0,4.0,49.0,162.0,0.006172839506172839
296,oh,auglaize,2657,42446,1,4.0,3.5,16.0,31.0,0.03225806451612903
297,oh,van wert,10680,37490,1,4.0,4.0,13.0,30.0,0.03333333333333333
298,oh,wayne,1296,38859,1,3.0,3.5,33.0,120.0,0.008333333333333333
299,ok,tulsa,400669,71431,11,3.090909090909091,3.8636363636363638,114.0909090909091,1200.0,0.009166666666666667
300,ok,pittsburg,196,34939,1,3.0,2.5,22.0,211.0,0.004739336492890996
301,ok,marshall,299,31123,1,4.0,3.0,19.0,190.0,0.005263157894736842
302,ok,adair,818,26217,1,3.0,4.5,32.0,193.0,0.0051813471502590676
303,ok,delaware,404,29398,2,3.0,3.75,23.0,125.0,0.016
304,ok,dewey,3406,44761,1,3.0,4.0,1.0,85.0,0.011764705882352941
305,or,hood river,7806,44061,1,3.0,4.5,71.0,97.0,0.010309278350515464
306,pa,crawford,929,36513,1,3.0,4.0,21.0,55.0,0.01818181818181818
307,pa,lawrence,7561,38684,1,3.0,4.5,110.0,55.0,0.01818181818181818
308,pa,schuylkill,8641,36707,1,3.0,4.0,19.0,153.0,0.006535947712418301
309,pa,elk,1703,42356,1,3.0,3.5,13.0,42.0,0.023809523809523808
310,pa,clinton,2795,35673,1,3.0,4.0,124.0,108.0,0.009259259259259259
311,pa,lehigh,486,46517,4,3.0,4.0,168.5,424.0,0.009433962264150943
312,pa,luzerne,5903,39311,2,3.0,4.25,47.0,228.0,0.008771929824561403
313,pa,montgomery,6222,69983,1,3.0,4.5,34.0,215.0,0.004651162790697674
314,pa,carbon,370,42613,2,3.0,3.75,122.5,54.0,0.037037037037037035
315,pa,delaware,1552,55959,4,3.25,4.0,46.75,934.0,0.004282655246252677
316,pa,lycoming,1462,39745,3,3.0,4.166666666666667,19.333333333333332,149.0,0.020134228187919462
317,pa,mckean,4347,41117,2,3.0,4.25,33.0,77.0,0.025974025974025976
318,pa,lebanon,25902,41174,3,3.3333333333333335,3.3333333333333335,42.333333333333336,206.0,0.014563106796116505
319,pa,blair,4502,39921,1,3.0,4.0,20.0,173.0,0.005780346820809248
320,pa,beaver,970,41977,1,3.0,4.0,57.0,93.0,0.010752688172043012
321,pa,butler,12993,50199,1,3.0,4.5,63.0,169.0,0.005917159763313609
322,pa,chester,33909,72118,4,3.25,3.125,71.75,532.0,0.007518796992481203
323,pa,erie,96471,39260,5,3.0,4.1,56.8,336.0,0.01488095238095238
324,pa,lancaster,59420,44259,6,3.0,4.0,122.5,474.0,0.012658227848101266
325,pa,mifflin,912,34289,1,3.0,3.0,18.0,19.0,0.05263157894736842
326,pa,philadelphia,1584138,49341,22,3.227272727272727,4.2727272727272725,617.2727272727273,4400.0,0.005
327,pa,warren,9124,41523,1,3.0,4.5,25.0,33.0,0.030303030303030304
328,pa,washington,13508,50489,2,3.0,3.25,59.5,141.0,0.014184397163120567
329,pa,allegheny,6536,52606,15,3.066666666666667,4.1,409.53333333333336,1800.0,0.008333333333333333
330,pa,york,44118,42911,2,3.0,4.0,97.0,363.0,0.005509641873278237
331,pa,monroe,1308,36665,4,3.0,4.25,176.75,241.0,0.016597510373443983
332,pa,juniata,941,36266,1,4.0,3.0,23.0,728.0,0.0013736263736263737
333,pa,wayne,1123,36740,16,3.0,3.625,199.9375,680.0,0.023529411764705882
334,pa,bedford,5172,36009,2,3.5,4.0,40.0,36.0,0.05555555555555555
335,ri,newport,24590,58825,11,3.090909090909091,3.909090909090909,354.1818181818182,199.0,0.05527638190954774
336,ri,providence,179335,42740,15,3.1333333333333333,4.1,300.6666666666667,1200.0,0.0125
337,ri,bristol,22131,66397,2,3.0,4.25,141.5,194.0,0.010309278350515464
338,sc,laurens,8846,30681,1,3.0,4.5,16.0,64.0,0.015625
339,sc,lexington,21737,40433,4,3.0,3.75,68.25,810.0,0.0049382716049382715
340,sc,newberry,10337,33748,2,3.0,4.5,35.5,56.0,0.03571428571428571
341,sc,sumter,39656,34425,1,3.0,4.5,76.0,149.0,0.006711409395973154
342,sc,spartanburg,37644,38173,2,3.5,3.5,35.0,454.0,0.004405286343612335
343,sc,greenwood,23407,33035,1,3.0,4.5,26.0,108.0,0.009259259259259259
344,sc,aiken,30778,36900,3,3.0,3.8333333333333335,66.33333333333333,188.0,0.015957446808510637
345,sc,anderson,27380,34814,6,3.1666666666666665,3.9166666666666665,73.5,335.0,0.01791044776119403
346,sc,beaufort,13357,48552,4,3.25,4.5,91.25,203.0,0.019704433497536946
347,sc,charleston,136208,50970,11,3.1818181818181817,4.409090909090909,775.8181818181819,1300.0,0.008461538461538461
348,sc,dillon,6367,24259,2,3.5,3.0,5.0,35.0,0.05714285714285714
349,sc,florence,37625,36050,1,3.0,4.0,83.0,251.0,0.00398406374501992
350,sc,greenville,68563,42283,9,3.0,3.7777777777777777,96.33333333333333,1200.0,0.0075
351,sd,hamlin,247,37292,1,3.0,5.0,1.0,64.0,0.015625
352,sd,turner,182,56665,4,3.25,3.875,31.25,156.0,0.02564102564102564
353,sd,miner,33,39964,1,4.0,3.0,11.0,173.0,0.005780346820809248
354,sd,butte,2,34482,2,3.5,3.75,44.5,147.0,0.013605442176870748
355,sd,union,55,85959,9,3.2222222222222223,4.055555555555555,803.4444444444445,1300.0,0.006923076923076923
356,sd,clark,1065,51723,1,4.0,3.0,11.0,152.0,0.006578947368421052
357,sd,jackson,160,25520,2,4.0,3.5,41.5,190.0,0.010526315789473684
358,tn,loudon,5809,41723,1,3.0,4.5,13.0,177.0,0.005649717514124294
359,tn,jackson,66903,27859,1,3.0,3.5,89.0,204.0,0.004901960784313725
360,tn,franklin,80914,34251,5,3.0,4.3,203.6,831.0,0.006016847172081829
361,tn,dickson,15583,34521,2,3.0,3.75,49.5,105.0,0.01904761904761905
362,tx,parker,4802,48793,2,3.5,3.5,84.0,751.0,0.002663115845539281
363,tx,orange,18484,40402,1,3.0,1.0,1.0,185.0,0.005405405405405406
364,tx,navarro,210,34722,1,3.0,5.0,55.0,75.0,0.013333333333333334
365,tx,menard,1398,34927,1,3.0,4.5,37.0,289.0,0.0034602076124567475
366,tx,midland,142344,119448,1,3.0,4.0,78.0,351.0,0.002849002849002849
367,tx,lubbock,255885,38807,3,3.0,3.5,149.33333333333334,558.0,0.005376344086021506
368,tx,montgomery,1034,64325,3,3.3333333333333335,4.833333333333333,23.666666666666668,424.0,0.007075471698113208
369,tx,wilson,484,41750,1,3.0,4.5,19.0,581.0,0.0017211703958691911
370,tx,rockwall,45112,52337,1,3.0,4.0,240.0,206.0,0.0048543689320388345
371,tx,throckmorton,772,48822,2,3.5,4.25,24.0,211.0,0.009478672985781991
372,tx,sherman,42462,62704,1,3.0,4.5,99.0,196.0,0.00510204081632653
373,tx,tyler,105729,29980,2,3.0,3.75,54.0,425.0,0.004705882352941176
374,tx,burleson,47282,40362,1,3.0,4.0,21.0,202.0,0.0049504950495049506
375,tx,bastrop,9420,31882,1,3.0,4.0,58.0,79.0,0.012658227848101266
376,tx,austin,964254,49031,12,3.1666666666666665,4.208333333333333,468.75,2300.0,0.0052173913043478265
377,tx,dallas,1345047,51830,13,3.1538461538461537,4.1923076923076925,356.38461538461536,2700.0,0.004814814814814815
378,tx,denton,138541,48827,2,3.0,4.25,241.0,360.0,0.005555555555555556
379,tx,houston,2325502,33759,23,3.3043478260869565,4.0,537.304347826087,2700.0,0.008518518518518519
380,tx,hidalgo,14083,24244,2,3.0,2.75,2.0,304.0,0.006578947368421052
381,tx,jefferson,1961,40555,1,3.0,4.5,24.0,24.0,0.041666666666666664
382,tx,el paso,682669,31731,3,3.0,4.0,33.0,1000.0,0.003
383,tx,dickens,264,29274,1,3.0,4.5,19.0,42.0,0.023809523809523808
384,ut,washington,27686,31163,2,3.0,4.25,185.5,272.0,0.007352941176470588
385,va,hampton,134313,39178,5,3.0,4.0,140.0,1100.0,0.004545454545454545
386,va,newport news,178626,39042,4,3.0,3.875,125.0,591.0,0.00676818950930626
387,va,norfolk,244076,37569,8,3.0,4.0,150.5,2200.0,0.0036363636363636364
388,va,orange,5049,42996,1,3.0,3.5,17.0,28.0,0.03571428571428571
389,va,portsmouth,94632,37238,5,3.0,4.0,147.4,1500.0,0.0033333333333333335
390,va,roanoke,99920,39649,2,3.0,4.25,134.5,511.0,0.003913894324853229
391,va,richmond,228783,32032,8,3.125,3.75,187.0,1400.0,0.005714285714285714
392,va,suffolk,91185,46071,3,3.0,4.0,183.0,174.0,0.017241379310344827
393,va,virginia beach,450189,50719,7,3.0,4.071428571428571,366.14285714285717,1300.0,0.005384615384615384
394,va,halifax,1224,32437,1,3.0,4.5,49.0,19.0,0.05263157894736842
395,va,surry,220,37898,1,4.0,3.5,23.0,6.0,0.16666666666666666
396,va,culpeper,18619,40439,1,3.0,4.0,103.0,76.0,0.013157894736842105
397,va,chesapeake,242634,45248,5,3.0,3.9,183.2,1100.0,0.004545454545454545
398,va,alexandria,160530,81336,11,3.0,4.136363636363637,1045.6363636363637,5800.0,0.001896551724137931
399,vt,addison,1337,45709,2,3.0,4.0,62.0,63.0,0.031746031746031744
400,vt,rutland,15325,45885,3,3.0,4.5,49.0,70.0,0.04285714285714286
401,vt,essex,21911,32250,4,3.0,4.0,266.25,375.0,0.010666666666666666
402,vt,franklin,1434,41083,1,3.0,5.0,4.0,31.0,0.03225806451612903
403,vt,washington,1016,51829,1,3.0,4.0,17.0,31.0,0.03225806451612903
404,vt,chittenden,1190,54081,2,3.5,4.5,53.0,19.0,0.10526315789473684
405,vt,windham,401,45232,4,3.0,4.0,70.0,45.0,0.08888888888888889
406,vt,windsor,3348,51248,4,3.0,4.375,68.25,73.0,0.0547945205479452
407,vt,grand isle,2092,52279,3,3.3333333333333335,4.0,39.666666666666664,107.0,0.028037383177570093
408,wa,yakima,93884,37846,3,3.0,3.3333333333333335,76.66666666666667,295.0,0.010169491525423728
409,wa,spokane,219190,40028,6,3.1666666666666665,3.9166666666666665,300.8333333333333,687.0,0.008733624454148471
410,wa,walla walla,32986,39426,4,3.0,3.875,313.25,104.0,0.038461538461538464
411,wa,snohomish,10185,46896,1,3.0,4.5,157.0,569.0,0.0017574692442882249
412,wa,asotin,1294,40377,1,4.0,4.0,18.0,101.0,0.009900990099009901
413,wi,lafayette,5979,41854,1,3.0,4.0,25.0,169.0,0.005917159763313609
414,wi,dunn,5250,36749,14,3.357142857142857,3.9285714285714284,200.21428571428572,895.0,0.01564245810055866
415,wi,washington,716,49977,1,3.0,4.5,210.0,20.0,0.05
416,wi,marquette,537,36369,1,4.0,3.5,5.0,223.0,0.004484304932735426
417,wi,buffalo,695,40637,1,3.0,3.5,26.0,70.0,0.014285714285714285
418,wi,marathon,1105,43801,1,3.0,1.0,5.0,166.0,0.006024096385542169
419,wi,oneida,4746,44723,1,3.0,3.0,9.0,27.0,0.037037037037037035
420,wi,rock,3211,38799,1,3.0,4.5,59.0,133.0,0.007518796992481203
421,wi,dodge,403,40794,1,4.0,3.0,2.0,84.0,0.011904761904761904
422,wi,polk,4006,40951,3,3.0,4.166666666666667,50.666666666666664,231.0,0.012987012987012988
423,wi,wood,759,41025,1,3.0,2.5,6.0,5.0,0.2
424,wi,chippewa,367,41329,1,3.0,4.0,25.0,176.0,0.005681818181818182
425,wi,bayfield,477,41456,1,3.0,4.0,20.0,22.0,0.045454545454545456
426,wi,brown,274,46364,2,3.0,3.75,84.0,409.0,0.004889975550122249
427,wi,eau claire,68866,42914,1,3.0,4.5,18.0,234.0,0.004273504273504274
428,wi,fond du lac,42959,42235,1,3.0,4.0,25.0,116.0,0.008620689655172414
429,wi,lincoln,298,39220,1,3.0,4.5,128.0,38.0,0.02631578947368421
430,wi,kenosha,100164,40171,4,3.0,3.375,74.75,464.0,0.008620689655172414
431,wi,green lake,958,43012,2,3.0,3.75,35.5,13.0,0.15384615384615385
432,wi,la crosse,51567,43802,5,3.2,4.0,102.2,223.0,0.02242152466367713
433,wi,kewaunee,2848,43908,1,3.0,4.0,12.0,13.0,0.07692307692307693
434,wi,sheboygan,48180,45449,2,3.0,4.25,84.0,172.0,0.011627906976744186
435,wi,racine,77432,42596,4,3.0,3.5,72.0,356.0,0.011235955056179775
436,wi,waukesha,72549,62113,8,3.0,3.8125,92.75,771.0,0.010376134889753566
437,wi,marinette,10608,39004,2,3.0,4.75,27.5,64.0,0.03125
438,wi,milwaukee,592025,42118,10,3.2,4.15,151.5,1500.0,0.006666666666666667
439,wv,clay,448,28882,3,3.3333333333333335,4.0,79.66666666666667,635.0,0.004724409448818898
440,wy,laramie,32473,49426,2,3.0,3.0,48.5,81.0,0.024691358024691357
