,Pop,PCI,price,rating,review,Total
0,877,116340,1.5,3.75,6.5,6.0
1,8647,66157,1.9333333333333331,3.966666666666667,38.46666666666667,26.0
2,107610,45608,1.8947368421052633,3.947368421052632,68.42105263157895,28.0
3,58533,50466,2.1111111111111107,4.277777777777779,64.16666666666667,45.0
4,32113,62774,1.9117647058823528,3.9117647058823533,110.05882352941177,94.0
5,2474,53013,1.8571428571428568,4.0,17.571428571428573,12.0
6,98971,52179,1.0,4.5,12.0,1.0
7,291538,61425,1.7871287128712872,3.551980198019802,121.96039603960396,625.0
8,101113,35365,1.3523809523809525,3.2904761904761903,39.219047619047615,341.0
9,15291,30917,1.2727272727272727,3.477272727272727,12.227272727272727,95.0
10,1739,32862,1.5,3.0,3.5,6.0
11,189572,34661,1.502857142857143,3.394285714285714,47.194285714285705,542.0
12,1004,31688,1.4,4.1,14.0,8.0
13,9646,29443,1.3867924528301887,3.287735849056604,26.462264150943398,373.0
14,1441,36665,1.5,3.40625,32.46875,87.0
15,4327,30747,1.1428571428571428,3.071428571428572,5.428571428571429,15.0
16,15858,35144,1.3793103448275863,3.8793103448275854,26.931034482758623,90.0
17,4335,30997,1.2,2.7,3.0,11.0
18,4742,32986,1.0625,3.5625,7.6875,27.0
19,50440,45274,1.5175879396984924,3.510050251256281,56.23618090452261,683.0
20,3252,29422,1.3333333333333333,4.0,4.5,8.0
21,126,30044,1.3333333333333333,3.888888888888889,8.666666666666666,33.0
22,4262,35564,1.0833333333333333,3.083333333333333,15.416666666666664,13.0
23,167,35135,1.3728813559322033,3.23728813559322,28.71186440677966,186.0
24,23691,29374,1.2692307692307692,3.865384615384616,37.57692307692308,125.0
25,23768,26785,1.2413793103448276,3.5689655172413794,16.793103448275858,77.0
26,233,25498,1.0,4.25,3.25,6.0
27,274,31447,1.25,3.625,7.25,6.0
28,696,32411,1.5555555555555556,4.0,50.77777777777778,30.0
29,2474,24404,1.1666666666666667,4.083333333333333,8.5,12.0
30,12364,27465,1.5175438596491229,3.3859649122807016,119.72807017543859,425.0
31,239,35645,1.7941176470588236,3.9705882352941178,132.26470588235293,122.0
32,36403,74292,1.5909090909090908,3.727272727272727,30.09090909090909,122.0
33,528,34423,1.75,3.9375,7.875,66.0
34,66426,36965,1.5238095238095235,3.6428571428571432,32.476190476190474,164.0
35,3736,27625,1.4375,3.3854166666666665,49.6875,133.0
36,191,31801,3.0,4.5,11.0,5.0
37,194,26383,1.6666666666666667,3.5,32.333333333333336,6.0
38,2512,38031,1.5,3.5,23.4,12.0
39,50024,41197,1.6470588235294117,3.7058823529411766,87.29411764705883,66.0
40,64475,37121,1.4748201438848918,3.41726618705036,80.88489208633094,452.0
41,1425976,52214,1.8149779735682816,4.176211453744493,1091.0528634361233,3500.0
42,11248,51565,1.9729729729729732,3.932432432432433,403.08108108108115,100.0
43,64725,56549,1.6049382716049383,3.635802469135802,296.1975308641975,436.0
44,129488,79055,1.8805309734513276,3.851769911504425,761.7212389380531,2400.0
45,91350,53758,1.7096774193548387,3.799539170506912,294.3317972350231,601.0
46,105025,93765,1.829493087557604,3.866359447004608,483.23963133640547,1100.0
47,47446,48532,1.8356164383561644,3.9657534246575343,382.5616438356165,225.0
48,4032,37643,1.3333333333333333,4.291666666666667,15.416666666666664,46.0
49,883305,99990,2.0307017543859653,4.067982456140351,1162.627192982456,4300.0
50,111128,53031,1.7045454545454546,3.8181818181818175,238.21818181818185,911.0
51,421,36005,1.1428571428571428,4.071428571428571,10.571428571428571,9.0
52,508529,45187,1.7918552036199096,4.015837104072398,517.1990950226243,2000.0
53,330063,34753,1.445945945945946,3.743243243243243,275.6351351351352,976.0
54,78338,59085,1.7641509433962264,3.962264150943396,425.8018867924529,1700.0
55,215941,34320,1.5294117647058822,3.752450980392157,273.3578431372549,1800.0
56,530093,37434,1.6826923076923077,3.9495192307692313,195.96153846153842,1400.0
57,17695,32890,1.6,3.9,76.86666666666666,56.0
58,3990456,52233,1.8571428571428568,4.151785714285714,1116.5089285714287,8200.0
59,5911,41877,1.3888888888888888,3.9166666666666665,26.944444444444446,21.0
60,83316,35361,1.5769230769230769,3.682692307692308,123.96153846153848,167.0
61,28289,47557,1.8773006134969328,3.763803680981595,453.4969325153375,457.0
62,79263,59563,1.8618421052631582,3.6611842105263164,406.73684210526324,445.0
63,139484,57165,1.7022222222222223,3.9622222222222216,633.5022222222223,2600.0
64,65706,35754,1.3541666666666667,3.1354166666666665,58.47916666666666,126.0
65,68,39527,1.8450704225352117,3.746478873239437,191.85915492957747,183.0
66,140,54366,1.4333333333333331,3.75,30.1,110.0
67,504,27918,1.2,4.2,29.0,8.0
68,111750,33932,1.4878048780487805,3.268292682926829,44.621951219512205,246.0
69,72,126611,1.7777777777777777,4.138888888888889,120.5,53.0
70,1010,51437,2.0,3.7692307692307687,117.0,19.0
71,19512,34155,1.8333333333333333,4.138888888888889,86.6111111111111,66.0
72,120,40342,1.5333333333333334,3.62,47.73333333333333,230.0
73,3460,52760,1.25,2.875,4.25,9.0
74,238,35048,1.1428571428571428,3.75,42.57142857142857,25.0
75,757,52054,1.4285714285714286,3.321428571428572,24.785714285714285,20.0
76,6594,40429,1.85,4.0,83.2,30.0
77,6961,60847,1.7777777777777777,3.9444444444444446,58.88888888888889,25.0
78,958,33107,1.8,3.7,37.8,8.0
79,716492,68046,1.9481132075471697,4.15566037735849,445.87735849056605,2900.0
80,8920,33209,1.8,3.8666666666666663,21.8,30.0
81,167,18464,1.3846153846153846,4.076923076923077,21.46153846153846,40.0
82,9997,32221,1.4666666666666666,4.133333333333334,97.13333333333334,48.0
83,2190,37013,1.3333333333333333,4.166666666666667,19.733333333333334,67.0
84,24706,41381,1.5230769230769232,3.707692307692308,50.0,195.0
85,14655,50980,1.9444444444444444,3.9444444444444446,67.05555555555556,57.0
86,8127,56884,2.03125,3.828125,67.34375,99.0
87,130418,50286,1.6787564766839378,3.7772020725388598,125.60103626943004,818.0
88,26939,51200,1.791044776119403,3.7164179104477615,82.65671641791045,224.0
89,122587,57564,1.6952380952380952,3.7095238095238097,115.29523809523808,762.0
90,61952,102612,1.7248322147651007,3.718120805369128,69.1006711409396,516.0
91,5529,49300,1.4864864864864864,3.439189189189189,45.331081081081074,494.0
92,57738,54984,1.875598086124402,4.047846889952154,161.6267942583732,1300.0
93,8802,66126,1.713450292397661,3.763157894736842,113.94152046783627,748.0
94,2797,28449,1.2,3.85,11.9,14.0
95,328,44543,1.1538461538461535,3.692307692307693,17.153846153846153,23.0
96,9949,38638,1.375,3.875,43.6875,28.0
97,5731,28601,1.5714285714285714,4.071428571428571,45.5,60.0
98,11704,28456,1.3580246913580247,3.3641975308641974,39.7037037037037,271.0
99,4155,31698,1.5625,3.84375,40.25,36.0
100,193,29523,1.173913043478261,3.760869565217391,11.26086956521739,102.0
101,13573,39206,1.3636363636363635,3.8181818181818175,21.818181818181817,66.0
102,1846,41424,1.326797385620915,3.4281045751633985,15.418300653594773,668.0
103,1159,34291,1.1666666666666667,4.083333333333333,5.333333333333333,8.0
104,269,25958,1.4210526315789471,3.5614035087719302,22.175438596491233,223.0
105,3703,26489,1.25,4.0,6.0,10.0
106,761,29505,1.5833333333333333,4.458333333333333,16.0,50.0
107,4001,31659,1.4285714285714286,3.571428571428572,4.571428571428571,15.0
108,722,30534,1.295774647887324,3.1338028169014085,34.309859154929576,240.0
109,153095,28018,1.4615384615384617,3.4038461538461537,39.971153846153854,373.0
110,244,55452,1.5135135135135136,3.5405405405405403,43.270270270270274,91.0
111,3941,32539,1.6470588235294117,4.147058823529412,61.0,70.0
112,579,29625,1.0,2.4,5.1,17.0
113,193,31520,1.9,3.8,100.6,27.0
114,1882,30915,1.3542857142857143,3.5542857142857143,31.34285714285714,720.0
115,4117,54651,1.3571428571428572,3.571428571428572,39.0,27.0
116,11616,31349,1.75,3.9166666666666665,16.666666666666668,46.0
117,25732,31946,1.680672268907563,3.5840336134453783,193.92436974789916,351.0
118,4102,37402,1.0,3.2857142857142856,10.857142857142858,13.0
119,832,29600,1.5,2.75,5.5,7.0
120,1824,27507,1.5,4.5,14.5,5.0
121,346,48253,1.3333333333333333,3.466666666666667,25.57333333333333,248.0
122,2183,25550,1.6,4.1,79.53333333333333,36.0
123,16966,21655,1.3076923076923077,4.230769230769232,35.07692307692308,72.0
124,555,31146,1.4537037037037035,3.3240740740740735,48.02777777777778,352.0
125,256,33267,1.5,3.3181818181818183,47.68181818181818,147.0
126,3384,29192,1.5384615384615383,3.8846153846153846,37.230769230769226,50.0
127,5083,34627,1.2950819672131149,3.2295081967213117,41.31147540983606,209.0
128,347397,50988,1.8385650224215249,4.089686098654709,678.9730941704036,2700.0
129,12470,45036,1.2857142857142858,3.3571428571428568,14.285714285714285,22.0
130,133,50618,1.4583333333333333,3.8958333333333335,14.083333333333336,99.0
131,1068,48116,1.4285714285714286,4.089285714285714,9.892857142857142,97.0
132,718,43944,1.7,3.675,15.0,117.0
133,134,50235,1.4166666666666667,3.6666666666666665,18.5,33.0
134,318,41127,1.5,3.45,9.5,13.0
135,41,47565,1.0,4.136363636363637,7.363636363636362,20.0
136,195,50657,1.3636363636363635,4.136363636363637,19.181818181818183,69.0
137,1374,39680,1.4,3.6,4.8,11.0
138,216853,46007,1.6331658291457287,3.809045226130653,87.94974874371859,1000.0
139,151,44837,1.6,4.2,4.2,6.0
140,25184,39659,1.5625,3.84375,28.125,67.0
141,39,44107,1.4583333333333333,3.8333333333333335,13.541666666666664,80.0
142,4900,55347,1.3333333333333333,3.4444444444444446,5.333333333333333,13.0
143,9812,49617,1.5,3.5357142857142856,9.428571428571429,24.0
144,57941,42870,1.5438596491228067,3.3859649122807016,43.157894736842096,180.0
145,4589,45629,1.6666666666666667,3.333333333333333,8.666666666666666,11.0
146,23817,42450,1.6923076923076923,4.307692307692308,18.53846153846154,66.0
147,10274,42783,1.3529411764705883,3.8235294117647056,16.470588235294116,21.0
148,1912,46872,1.0,4.166666666666667,6.666666666666668,6.0
149,71,42161,1.5,4.15,19.8,38.0
150,7309,51235,1.5,3.4166666666666665,10.75,16.0
151,2026,34477,1.0,4.75,10.25,11.0
152,382,37907,1.28,3.88,15.48,110.0
153,2745,40729,1.5,3.5,2.5,9.0
154,616,50283,1.4285714285714286,3.571428571428572,13.5,28.0
155,4148,37397,1.1666666666666667,4.25,4.333333333333333,10.0
156,1663,51035,2.0,3.6666666666666665,2.333333333333333,7.0
157,5193,57030,1.2,2.75,17.9,13.0
158,1874,38175,1.5,3.9642857142857135,22.142857142857146,34.0
159,1477,43238,1.25,4.5,6.0,9.0
160,131,57565,1.5,3.8125,6.625,12.0
161,27068,38463,1.5,4.125,21.1875,53.0
162,39979,40851,1.5625,3.40625,38.175,306.0
163,209,37890,1.5555555555555556,4.055555555555555,24.555555555555557,54.0
164,363,52006,1.625,4.171875,22.65625,117.0
165,704,45386,1.0,3.75,22.5,5.0
166,228790,36229,1.6956521739130437,3.816425120772947,127.56038647342994,931.0
167,49764,35300,1.5333333333333334,3.466666666666667,65.64444444444446,142.0
168,11807,37126,1.3,4.05,14.5,30.0
169,7527,35582,1.4285714285714286,4.178571428571429,39.42857142857143,73.0
170,3473,58373,1.3333333333333333,4.166666666666667,7.333333333333332,5.0
171,828,32130,1.25,2.75,9.75,10.0
172,1511,33851,1.4175824175824177,3.565934065934066,33.714285714285715,342.0
173,733,31214,1.4666666666666666,3.633333333333333,57.3,102.0
174,922,38416,1.6,4.2,45.0,5.0
175,113,35533,1.4,3.9,45.1,74.0
176,1235,37014,1.4,3.8,16.4,11.0
177,2473,34652,1.457142857142857,3.2142857142857144,41.65714285714286,347.0
178,677,37679,1.5714285714285714,3.8928571428571432,41.285714285714285,27.0
179,637,33349,1.4105263157894736,3.4105263157894736,51.30526315789474,296.0
180,345,36602,1.75,3.75,19.416666666666668,42.0
181,941,68199,1.9211822660098523,4.236453201970443,558.0049261083744,15400.0
182,2152,41797,1.2222222222222223,3.388888888888889,5.666666666666668,14.0
183,88029,42659,1.4307692307692308,3.3461538461538463,85.42307692307692,389.0
184,6927,42048,1.0714285714285714,3.321428571428572,10.928571428571427,24.0
185,42611,35809,1.44,3.46,54.54,132.0
186,12627,43646,1.5,4.107142857142857,106.85714285714286,61.0
187,3346,33854,1.3571428571428572,4.0,26.857142857142854,66.0
188,2740,41048,1.4666666666666666,4.033333333333333,18.8,28.0
189,2232,42246,1.2,2.7,4.8,7.0
190,644,30786,1.0,3.571428571428572,14.857142857142858,9.0
191,26052,36138,1.3035714285714286,3.4375,32.07142857142857,142.0
192,27022,48027,1.5714285714285714,3.4489795918367347,73.79591836734693,155.0
193,1120,44811,1.390625,3.2890625,14.578125,252.0
194,3794,40943,1.8412698412698407,4.116402116402116,227.9417989417989,1800.0
195,157,45461,1.65625,3.5572916666666665,258.7083333333333,629.0
196,3843,42080,1.0769230769230769,3.3461538461538463,6.9230769230769225,19.0
197,335,38936,1.2903225806451613,3.887096774193549,45.387096774193544,91.0
198,111388,46148,1.5104895104895104,3.41958041958042,44.44055944055943,505.0
199,37678,39842,1.4566929133858268,3.484251968503937,40.24409448818898,409.0
200,16704,46128,1.5,3.8571428571428568,24.214285714285715,63.0
201,1934,40608,1.4117647058823528,4.0588235294117645,28.35294117647059,69.0
202,308,37889,1.0,4.0,8.5,7.0
203,233,39270,1.3333333333333333,4.666666666666667,9.333333333333334,5.0
204,2054,29522,1.25,4.125,10.25,9.0
205,9064,39378,1.574468085106383,3.7127659574468086,45.72340425531914,139.0
206,17620,38112,1.46875,3.484375,34.15625,92.0
207,66483,40354,1.729064039408867,3.9458128078817736,185.16748768472905,1500.0
208,5098,38275,1.2,2.8,12.0,6.0
209,363,39787,1.4615384615384617,3.9615384615384617,10.23076923076923,27.0
210,1567,40921,1.4,3.05,19.2,12.0
211,4794,36417,1.3846153846153846,3.4230769230769234,11.769230769230768,17.0
212,461,48628,1.351851851851852,3.351851851851852,29.81481481481481,327.0
213,8946,43074,1.6129032258064515,3.629032258064516,66.74193548387096,96.0
214,1479,36696,1.6363636363636365,3.954545454545455,22.0,23.0
215,619,32859,1.3333333333333333,3.533333333333333,18.666666666666668,23.0
216,9823,36597,1.0714285714285714,3.321428571428572,6.2142857142857135,22.0
217,239,42145,1.1111111111111112,3.888888888888889,6.5555555555555545,12.0
218,926,44432,1.0,3.1,7.4,14.0
219,601,38103,1.5909090909090908,3.886363636363636,8.863636363636363,93.0
220,214,26405,1.56,3.56,30.18,215.0
221,1203,33046,1.1428571428571428,3.1071428571428568,18.928571428571427,18.0
222,449,37073,1.6153846153846154,3.615384615384616,8.23076923076923,22.0
223,581,40167,1.3,3.5,7.6,15.0
224,6355,32979,1.2857142857142858,3.1428571428571432,7.428571428571429,17.0
225,1088,39188,1.4545454545454546,4.318181818181818,42.81818181818182,64.0
226,225,39140,1.3333333333333333,2.6666666666666665,5.0,6.0
227,1805,45465,1.5591397849462365,3.2258064516129035,78.68817204301075,227.0
228,255,31527,1.3076923076923077,3.7307692307692313,11.538461538461537,22.0
229,1722,42512,1.6666666666666667,3.0,4.666666666666667,9.0
230,578,40981,1.2857142857142858,3.3571428571428568,16.142857142857142,9.0
231,255,35726,1.7333333333333334,3.933333333333333,40.06666666666667,61.0
232,574,34612,1.4545454545454546,4.2727272727272725,11.272727272727273,57.0
233,204,34034,1.5,4.625,8.0,11.0
234,35047,39740,1.375,3.395833333333333,48.4375,138.0
235,3104,35205,1.4545454545454546,4.363636363636363,27.363636363636363,39.0
236,1485,50446,1.5833333333333333,3.6666666666666665,38.583333333333336,29.0
237,3872,40702,1.3333333333333333,3.583333333333333,5.166666666666667,11.0
238,1543,34501,1.3333333333333333,3.6666666666666665,5.333333333333333,7.0
239,6278,36996,1.6363636363636365,3.772727272727273,12.181818181818182,39.0
240,4447,32226,1.1666666666666667,3.6666666666666665,5.666666666666668,10.0
241,2333,43441,1.5607476635514017,3.266355140186916,57.32710280373832,373.0
242,985,37430,1.3333333333333333,3.625,10.416666666666666,21.0
243,3964,34509,1.4242424242424243,3.3560606060606064,37.15151515151515,192.0
244,1721,33426,1.3793103448275863,3.8793103448275854,24.724137931034484,102.0
245,670,40471,1.3666666666666667,3.3972222222222217,38.833333333333336,530.0
246,4170,35269,1.1428571428571428,4.321428571428571,13.928571428571427,31.0
247,2715,40151,1.3823529411764706,3.5735294117647056,30.5,103.0
248,1276,42937,1.3541666666666667,3.2604166666666665,36.645833333333336,132.0
249,2859,36506,1.7777777777777777,3.888888888888889,44.88888888888889,64.0
250,877,35532,1.4,3.5,6.6,8.0
251,2600,35734,1.2222222222222223,2.6666666666666665,14.555555555555555,14.0
252,1168,40959,1.6,4.1,12.4,48.0
253,4051,47171,1.323943661971831,3.2957746478873235,30.239436619718308,227.0
254,1129,39033,1.4615384615384617,4.076923076923077,19.153846153846157,61.0
255,875,36602,1.2727272727272727,3.363636363636364,24.939393939393934,76.0
256,968,34568,1.2857142857142858,4.035714285714286,9.071428571428571,34.0
257,12149,33987,1.5833333333333333,4.0,12.75,31.0
258,1209,42455,1.0,4.0,12.0,5.0
259,10054,38314,1.5,3.7083333333333335,21.08333333333333,33.0
260,5104,40206,1.2222222222222223,2.833333333333333,8.11111111111111,13.0
261,4097,31374,1.4545454545454546,3.636363636363636,6.2727272727272725,21.0
262,2248,39496,1.2307692307692308,3.1923076923076925,11.538461538461537,18.0
263,4825,45101,1.6470588235294117,3.5735294117647056,59.764705882352935,87.0
264,976,39004,1.5833333333333333,4.041666666666667,33.5,45.0
265,347,37697,1.25,4.0,10.75,5.0
266,879,35012,1.0,3.8333333333333335,4.833333333333333,8.0
267,319,36406,1.1666666666666667,3.0,10.166666666666666,8.0
268,28047,46320,1.4666666666666666,3.1166666666666667,12.566666666666665,76.0
269,11879,33764,1.4117647058823528,4.147058823529412,46.235294117647065,52.0
270,49046,34913,1.7560975609756098,4.117073170731707,200.59024390243903,1700.0
271,3535,41101,1.4545454545454546,3.0454545454545454,9.727272727272727,18.0
272,15568,40597,1.7272727272727273,3.954545454545455,40.81818181818182,53.0
273,17019,37086,1.4666666666666666,3.9,26.8,37.0
274,1580,64213,1.5064935064935066,3.6298701298701297,19.337662337662337,253.0
275,318,36386,1.627906976744186,3.8953488372093017,19.581395348837212,173.0
276,25248,40595,1.2580645161290325,3.3225806451612905,27.741935483870968,80.0
277,52367,38511,1.4594594594594594,3.265765765765766,30.873873873873872,326.0
278,9843,38304,1.5,3.375,14.6875,28.0
279,4717,34936,1.3333333333333333,2.555555555555556,5.777777777777778,14.0
280,952,36972,1.6153846153846154,3.9615384615384617,46.384615384615394,61.0
281,1131,37002,1.625,3.5625,16.25,30.0
282,2748,34987,1.25,3.5,13.625,13.0
283,34460,35449,1.4666666666666666,3.933333333333333,14.0,41.0
284,962,34404,1.28,3.293333333333333,33.77333333333333,272.0
285,794,36608,1.4,4.12,23.2,117.0
286,2558,36841,1.2765957446808511,3.4574468085106385,22.851063829787236,143.0
287,2647,40633,1.5545023696682465,3.836492890995261,262.98104265402844,1400.0
288,700,31901,1.4166666666666667,4.041666666666667,16.5,63.0
289,3475,32666,1.7142857142857142,4.0,24.285714285714285,45.0
290,1416,34177,1.3571428571428572,3.7857142857142856,9.857142857142858,25.0
291,499,42691,1.6875,4.03125,20.875,69.0
292,3931,45646,1.2,3.3,6.9,14.0
293,338,34954,1.3846153846153846,4.038461538461538,14.846153846153848,51.0
294,1095,33173,1.4838709677419355,3.6693548387096775,41.096774193548384,212.0
295,3128,39432,1.414141414141414,3.3232323232323235,29.464646464646464,295.0
296,1273,31354,1.9530516431924885,4.086854460093897,402.2018779342723,3300.0
297,532,38888,1.3,3.75,3.4,13.0
298,1915,34625,1.3333333333333333,4.333333333333333,7.333333333333332,9.0
299,2433,38485,1.6145833333333333,3.4322916666666665,104.125,315.0
300,30956,33711,1.36,4.0,18.92,108.0
301,3540,33864,1.7096774193548387,4.17741935483871,111.22580645161291,122.0
302,4132,37177,1.2142857142857142,3.571428571428572,17.785714285714285,26.0
303,75633,41274,1.53921568627451,3.3382352941176467,59.30392156862745,302.0
304,1930,35220,1.47953216374269,3.3771929824561404,76.8888888888889,481.0
305,1031,35592,1.1842105263157894,3.6184210526315783,7.5,198.0
306,2357,34210,1.391304347826087,3.382608695652174,50.75652173913043,344.0
307,1446,62698,1.4666666666666666,3.9,44.13333333333333,60.0
308,523,33378,1.5,4.321428571428571,49.57142857142857,54.0
309,743,39799,1.0,4.75,5.0,11.0
310,92,38197,1.4375,3.96875,20.5,52.0
311,212,52677,1.4,3.45,6.7,17.0
312,263,35565,1.625,4.125,13.0,66.0
313,197,48438,1.5294117647058822,3.4901960784313726,47.235294117647065,161.0
314,590,33475,1.0,4.0,5.5,7.0
315,347,37003,1.25,4.083333333333333,29.25,65.0
316,70,39251,1.1666666666666667,3.583333333333333,6.0,10.0
317,2265,67443,1.2,3.4,14.6,20.0
318,298,42814,1.181818181818182,3.4545454545454546,4.0,17.0
319,50,51243,1.1428571428571428,3.2857142857142856,5.285714285714286,11.0
320,537,36625,1.125,3.5625,7.375,13.0
321,438,38696,1.36,3.24,11.12,125.0
322,614,38324,1.5,4.0,5.0,6.0
323,54,39719,1.1764705882352942,3.0588235294117645,29.058823529411764,21.0
324,108,37883,1.5120481927710845,3.8313253012048194,53.83132530120483,953.0
325,153,53858,1.3,3.65,12.5,14.0
326,194,42686,1.0,4.833333333333333,4.666666666666667,9.0
327,521,45431,1.3777777777777778,3.633333333333333,37.177777777777784,168.0
328,266,40583,1.0,4.416666666666667,9.0,8.0
329,24,39588,1.375,4.0625,29.625,32.0
330,439,38439,1.0,2.5,2.0,5.0
331,157,36574,1.3333333333333333,3.466666666666667,7.2666666666666675,17.0
332,464,40168,1.2,4.2,3.4,8.0
333,63,63277,1.2222222222222223,4.5,7.5555555555555545,52.0
334,545,41823,1.375,3.625,16.875,28.0
335,140,51097,2.0,4.0,8.0,8.0
336,182,55496,1.4285714285714286,3.7142857142857135,19.071428571428573,31.0
337,1506,36148,1.3666666666666667,4.083333333333333,15.966666666666667,118.0
338,1950,74156,2.0,4.25,3.5,7.0
339,52,49814,1.3333333333333333,2.5,2.6666666666666665,6.0
340,256,49249,1.1428571428571428,3.7857142857142856,3.0,12.0
341,188,36138,1.4545454545454546,3.5,15.545454545454545,17.0
342,153,50505,1.6,3.4,9.8,10.0
343,242,36926,1.0,2.0,4.0,6.0
344,226,79792,1.4583333333333333,3.7291666666666665,23.54166666666667,105.0
345,72,37052,1.5454545454545454,4.045454545454546,12.636363636363635,58.0
346,941,31897,1.5,3.5,8.333333333333334,26.0
347,2906,41913,1.0,3.1,9.8,7.0
348,398,45261,1.2222222222222223,4.0,7.4444444444444455,21.0
349,174,36328,1.3519553072625698,3.4134078212290504,31.374301675977648,629.0
350,1333,44958,1.6,3.4,5.4,5.0
351,36062,38217,1.3235294117647058,3.4264705882352944,48.38235294117647,83.0
352,243,70366,1.0,4.166666666666667,3.0,6.0
353,217,32681,1.6153846153846154,3.7307692307692313,30.0,64.0
354,2999,38612,1.4,2.9,10.8,7.0
355,2029,47125,1.0,3.25,18.25,5.0
356,709,32957,1.5,3.875,26.33333333333333,60.0
357,10560,33996,1.4705882352941178,3.3823529411764706,15.294117647058822,19.0
358,436,41188,1.2142857142857142,4.107142857142857,8.5,26.0
359,93,40592,1.34375,3.734375,30.15625,96.0
360,296,49392,1.3076923076923077,3.1730769230769234,15.153846153846152,81.0
361,385,32225,1.2,4.0,7.0,21.0
362,451,36827,1.5,3.4375,10.375,14.0
363,13077,47435,1.3333333333333333,3.9,22.2,41.0
364,542,46771,1.3846153846153846,4.076923076923077,9.461538461538463,65.0
365,1062,43948,1.3846153846153846,3.3230769230769237,18.8,244.0
366,389255,83074,1.5416666666666667,3.71875,61.18229166666666,800.0
367,736,39854,1.6666666666666667,4.166666666666667,35.333333333333336,5.0
368,59,51833,1.25,3.5535714285714284,27.214285714285715,84.0
369,65845,41498,1.7307692307692308,3.9927884615384617,170.94230769230768,1900.0
370,63,36597,1.236842105263158,3.5,8.210526315789473,137.0
371,1641,50815,1.28125,3.171875,17.0625,84.0
372,956,56581,1.5,3.9166666666666665,12.25,38.0
373,954,38338,1.403225806451613,3.411290322580645,31.467741935483872,213.0
374,4463,52011,1.1,3.55,15.1,12.0
375,1565,55983,1.6666666666666667,3.333333333333333,6.5,11.0
376,2768,41647,1.3333333333333333,3.6666666666666665,6.0,10.0
377,1291,42878,1.3488372093023255,3.802325581395349,31.930232558139533,146.0
378,1787,36386,1.0,3.5,2.0,5.0
379,6630,45391,1.4285714285714286,3.321428571428572,13.642857142857142,21.0
380,108,44780,1.5,4.083333333333333,8.666666666666666,9.0
381,12267,36310,1.4666666666666666,3.6666666666666665,20.933333333333334,37.0
382,2156,44746,1.3947368421052628,3.6184210526315783,11.026315789473683,157.0
383,5930,33296,1.3846153846153846,3.1794871794871797,44.87179487179486,583.0
384,2407,24605,1.375,4.1875,30.125,69.0
385,560,25670,1.5,4.25,3.0,5.0
386,2872,31651,1.0,2.9,8.4,10.0
387,219,33691,1.6,3.633333333333333,37.13333333333333,36.0
388,27997,44719,1.7085427135678393,4.042713567839196,174.90954773869348,1300.0
389,1979,26195,1.2222222222222223,3.333333333333333,4.5555555555555545,13.0
390,28432,36154,1.5042735042735045,3.4871794871794872,24.504273504273506,421.0
391,3245,31076,1.6,3.24,18.2,121.0
392,610,38575,1.4387755102040816,3.6071428571428568,25.255102040816325,356.0
393,1116,36320,1.0,3.6,2.8,8.0
394,3944,30255,1.3333333333333333,3.5,8.6,25.0
395,2176,32758,1.2857142857142858,2.8571428571428568,4.714285714285714,12.0
396,8969,38667,1.2142857142857142,3.7857142857142856,24.714285714285715,55.0
397,1967,30581,1.0,2.0,1.0,5.0
398,3899,33019,1.2,3.5,10.4,8.0
399,176,28593,1.4,3.733333333333333,12.6,27.0
400,1263,29631,1.4285714285714286,2.7142857142857144,6.142857142857142,14.0
401,1531,27778,1.1666666666666667,3.1666666666666665,4.583333333333333,20.0
402,1117,27255,1.0,1.5,3.0,6.0
403,1959,42485,1.28,3.36,28.72,231.0
404,582,31131,1.3125,4.0,15.0,36.0
405,929,30972,1.2857142857142858,3.0,6.142857142857142,17.0
406,126143,53215,1.5777777777777775,3.591666666666667,49.488888888888894,626.0
407,1955,37337,1.1111111111111112,2.833333333333333,7.5555555555555545,13.0
408,3725,32037,1.5238095238095235,3.6547619047619047,19.80952380952381,163.0
409,6786,27693,1.4166666666666667,2.9166666666666665,6.333333333333332,19.0
410,17831,33525,1.8666666666666667,3.8,60.2,62.0
411,3789,57540,1.8235294117647056,3.5294117647058822,121.29411764705885,19.0
412,60803,56571,1.8125,3.4875,83.7125,260.0
413,11988,77194,1.6666666666666667,3.536231884057971,75.34782608695652,208.0
414,5220,44760,1.5923913043478262,3.5679347826086962,51.46739130434783,654.0
415,185877,49121,1.654450261780105,3.643979057591623,107.96858638743456,807.0
416,11327,106895,2.4166666666666665,3.7222222222222223,80.97222222222223,84.0
417,602495,53832,1.896039603960396,4.0272277227722775,297.56930693069313,3300.0
418,1195,50620,1.7333333333333334,3.6,81.26666666666667,49.0
419,72146,53601,1.536231884057971,3.63768115942029,105.3695652173913,412.0
420,1280,29709,1.8333333333333333,3.5277777777777777,179.77777777777774,37.0
421,13151,44437,1.7426470588235294,3.746323529411765,124.86764705882355,377.0
422,8165,51659,1.8604651162790695,3.9883720930232562,173.5,315.0
423,1547,35108,1.8,4.233333333333333,82.4,57.0
424,1211,36425,1.9166666666666667,4.0,35.5,43.0
425,2415,44349,1.9347826086956519,3.967391304347826,180.67391304347825,139.0
426,4101,33163,1.875,4.03125,26.1875,54.0
427,4908,44159,1.8,3.5,12.2,8.0
428,792,42538,1.3846153846153846,3.807692307692308,22.461538461538463,18.0
429,860,36097,1.75,4.09375,90.75,45.0
430,1512,35752,1.6,4.15,28.8,16.0
431,90758,40077,1.5075376884422111,3.758793969849246,82.1608040201005,1200.0
432,3847,32125,1.5,3.7291666666666665,30.16666666666667,174.0
433,3538,39611,1.25,3.5,9.75,5.0
434,2025,61797,1.7164179104477613,3.7686567164179103,77.6268656716418,389.0
435,2249,31088,1.4545454545454546,3.6060606060606064,42.06060606060606,108.0
436,2524,35503,1.7647058823529411,3.794117647058824,49.88235294117647,63.0
437,416,40869,1.2222222222222223,2.833333333333333,11.666666666666664,16.0
438,1798,34505,1.1111111111111112,3.2777777777777777,13.777777777777779,9.0
439,1841,31532,1.4285714285714286,3.5,8.428571428571429,12.0
440,4132,36492,1.3571428571428572,4.035714285714286,24.785714285714285,39.0
441,4897,31621,1.4,3.65,18.4,17.0
442,1351,31693,1.3333333333333333,3.888888888888889,8.666666666666666,12.0
443,3400,29737,1.3333333333333333,3.4166666666666665,12.333333333333336,10.0
444,1059,31075,1.3333333333333333,3.5,5.333333333333333,8.0
445,1180,30350,1.8235294117647056,3.882352941176471,34.294117647058826,34.0
446,2220,33752,1.5,4.125,27.625,14.0
447,2585,47921,1.4897959183673468,3.3877551020408165,61.18367346938776,144.0
448,4324,31989,1.8,3.1,31.0,5.0
449,2311,32829,1.5,3.4166666666666665,22.16666666666667,7.0
450,2095,39601,1.8461538461538465,3.7692307692307687,60.07692307692307,21.0
451,2734,33682,1.6,4.166666666666667,28.266666666666666,51.0
452,1948,32892,1.2142857142857142,3.0357142857142856,7.428571428571429,19.0
453,1103,31465,1.2,3.6,37.6,8.0
454,211,29311,1.7222222222222223,4.194444444444445,58.38888888888889,60.0
455,2676,28828,1.5,3.75,18.125,19.0
456,1575,33073,1.4,3.6,13.2,5.0
457,1126,36517,1.2307692307692308,3.807692307692308,21.46153846153846,16.0
458,3495,39022,1.5625,3.78125,24.0,30.0
459,2499,43027,1.9333333333333331,3.8333333333333335,71.2,32.0
460,5027,40046,1.6195652173913044,4.135869565217392,93.1358695652174,2600.0
461,5034,38552,1.3529411764705883,2.9705882352941178,19.11764705882353,20.0
462,4712,33728,1.5,4.125,21.625,26.0
463,3069,29615,1.1875,3.59375,25.3125,24.0
464,2887,30730,1.0769230769230769,3.3461538461538463,8.23076923076923,16.0
465,8049,31050,1.5714285714285714,4.178571428571429,22.0,38.0
466,7993,32322,1.5333333333333334,3.966666666666667,58.53333333333333,53.0
467,10952,30260,1.2352941176470589,3.0294117647058822,11.058823529411764,18.0
468,32605,34054,1.4897959183673468,3.397959183673469,40.632653061224495,152.0
469,76545,41547,1.4378698224852071,3.3550295857988166,62.46745562130179,488.0
470,8621,36820,1.5882352941176472,3.7352941176470584,42.117647058823536,49.0
471,6116,32946,1.6428571428571428,3.678571428571429,49.5,33.0
472,20680,35194,1.625,3.765625,65.46875,79.0
473,9963,35078,1.6875,4.0,42.5,55.0
474,8108,37545,1.5294117647058822,3.9117647058823533,41.411764705882355,65.0
475,8458,35709,1.5625,3.15625,24.375,40.0
476,853,32089,1.5,3.875,16.25,6.0
477,5847,27540,1.1428571428571428,4.0,8.571428571428571,19.0
478,913,32714,1.6888888888888889,3.844444444444445,29.31111111111111,164.0
479,16896,36914,1.3428571428571427,3.5142857142857142,72.4,102.0
480,8355,32629,1.4259259259259258,3.388888888888889,91.0925925925926,130.0
481,3595,29722,1.5833333333333333,3.9166666666666665,12.583333333333336,15.0
482,48323,34086,1.40625,3.255208333333333,24.16666666666667,280.0
483,4002,36169,1.25,3.25,21.5625,25.0
484,2058,32273,1.3571428571428572,2.821428571428572,14.928571428571427,20.0
485,37287,33447,1.3975903614457832,3.2710843373493974,32.445783132530124,228.0
486,19715,39996,1.6896551724137931,3.655172413793104,41.10344827586207,120.0
487,5306,37646,1.5,3.55,21.7,26.0
488,41800,40836,1.5806451612903225,3.645161290322581,49.225806451612904,108.0
489,478,41274,1.4,3.9,9.4,23.0
490,755,47165,1.6388888888888888,3.75,59.47222222222222,269.0
491,2092,39815,1.6896551724137931,3.2758620689655173,23.48275862068965,77.0
492,133,37927,1.4838709677419355,3.645161290322581,19.967741935483872,76.0
493,200,45516,1.3333333333333333,4.0,6.333333333333332,11.0
494,827,38515,1.5,2.833333333333333,15.0,19.0
495,268,49247,1.3333333333333333,3.0,8.333333333333334,11.0
496,198,38188,1.4166666666666667,2.958333333333333,10.083333333333334,19.0
497,126,43626,1.5,3.6710526315789473,15.23684210526316,167.0
498,75,39771,1.524590163934426,3.5737704918032787,33.82786885245902,418.0
499,2221,43372,1.9333333333333331,4.033333333333333,50.6,57.0
500,798,36535,1.5641025641025639,3.608974358974359,21.73076923076923,228.0
501,491,43755,1.8,3.0,14.8,6.0
502,932,36612,1.4166666666666667,3.5416666666666665,6.333333333333332,16.0
503,164,52937,1.5,4.35,6.7,35.0
504,739,57716,1.6171875,3.3203125,66.4453125,400.0
505,172,55025,1.6666666666666667,4.083333333333333,3.8333333333333335,8.0
506,257,39225,1.5,4.75,4.0,5.0
507,177,51342,1.3333333333333333,3.7777777777777777,15.111111111111109,13.0
508,379,48864,1.6,3.9,11.2,6.0
509,252,43743,1.6647727272727273,3.8380681818181817,63.97727272727273,1300.0
510,145,51927,1.6428571428571428,3.8571428571428568,35.214285714285715,37.0
511,72,54452,1.0,2.8125,8.875,14.0
512,1438,37325,1.3333333333333333,3.5,3.6666666666666665,14.0
513,8904,44837,1.2727272727272727,3.4090909090909087,9.181818181818182,23.0
514,26813,43901,1.5294117647058822,3.794117647058824,37.23529411764706,62.0
515,2477,43540,1.4,3.8,22.0,11.0
516,4094,35655,1.2307692307692308,3.6538461538461537,7.769230769230768,17.0
517,2001,35185,1.4285714285714286,3.571428571428572,11.714285714285715,9.0
518,17543,44544,1.4641148325358853,3.0789473684210527,37.899521531100476,588.0
519,4912,42497,1.368421052631579,3.3026315789473686,15.210526315789476,86.0
520,102,36353,1.6415094339622642,3.2924528301886786,20.28301886792453,185.0
521,3133,41843,1.0,3.4285714285714284,8.142857142857142,9.0
522,1039,37416,1.5,3.90625,27.5625,44.0
523,4960,62392,1.4285714285714286,3.7857142857142856,63.78571428571429,37.0
524,563,46912,1.6666666666666667,3.6666666666666665,9.833333333333334,7.0
525,1245,45729,1.53125,3.359375,10.40625,157.0
526,308,52542,1.640625,3.7578125,43.53125,218.0
527,23851,39312,1.6,3.933333333333333,28.8,71.0
528,276,39340,1.6666666666666667,4.277777777777779,19.666666666666668,68.0
529,1178,47511,1.4615384615384617,3.692307692307693,12.461538461538463,16.0
530,1799,38105,1.1666666666666667,2.6666666666666665,24.5,7.0
531,966,45395,1.3636363636363635,4.181818181818182,5.2727272727272725,15.0
532,4152,47075,1.6464088397790055,3.734806629834254,89.62430939226519,799.0
533,1377,38617,1.1428571428571428,3.2857142857142856,5.571428571428571,10.0
534,1189,49426,1.3,4.4,9.2,34.0
535,26928,47960,1.4087591240875912,3.244525547445256,32.8978102189781,402.0
536,4021,54075,1.5,3.875,11.375,12.0
537,1151,44555,1.3636363636363635,3.772727272727273,34.81818181818182,66.0
538,2660,42816,1.375,3.5,4.25,12.0
539,1242,34463,1.0,2.5,7.0,5.0
540,4019,42843,1.5,4.375,5.75,7.0
541,479,45733,1.4285714285714286,3.6428571428571432,11.714285714285715,8.0
542,3201,49921,1.1428571428571428,3.0,7.0,9.0
543,5901,38327,1.3333333333333333,2.9166666666666665,9.666666666666666,8.0
544,13530,45141,1.7058823529411764,3.5294117647058822,15.764705882352944,34.0
545,1714,42259,1.5932203389830508,3.6186440677966094,55.525423728813564,175.0
546,527,35953,2.0,3.375,8.25,5.0
547,14055,26048,1.5833333333333333,3.9166666666666665,39.66666666666666,59.0
548,7108,42852,1.3333333333333333,3.388888888888889,17.22222222222222,26.0
549,302838,61078,1.7920353982300885,4.079646017699115,259.6902654867256,1600.0
550,70764,46189,1.691588785046729,3.794392523364486,99.11682242990656,1300.0
551,4698,28289,1.1428571428571428,3.571428571428572,21.0,21.0
552,28993,36379,1.1666666666666667,3.1666666666666665,12.416666666666664,16.0
553,694,36259,1.25,4.25,12.0,6.0
554,20188,27850,1.4285714285714286,3.4821428571428568,52.32142857142857,97.0
555,234,43074,1.5,4.291666666666667,8.5,28.0
556,4442,35322,1.5833333333333333,3.7916666666666665,20.25,17.0
557,81,33842,1.25,3.375,20.25,28.0
558,222,38036,1.6428571428571428,3.6071428571428568,24.0,26.0
559,222,36467,1.475,3.7,24.575,140.0
560,151,41250,1.3333333333333333,3.8333333333333335,10.833333333333336,10.0
561,328,29793,1.1,2.85,7.2,15.0
562,743,30573,1.3076923076923077,3.8846153846153846,16.46153846153846,44.0
563,1325,43140,1.4347826086956519,3.489130434782609,58.15217391304348,146.0
564,1849,34347,1.0769230769230769,3.2692307692307687,11.923076923076925,14.0
565,1431,37968,1.125,3.6875,10.875,16.0
566,366,53154,1.0,2.5,6.666666666666668,8.0
567,771,28986,1.52,3.96,34.36,124.0
568,3726,32905,1.25,3.4166666666666665,8.0,23.0
569,316,42194,1.4020618556701032,3.4484536082474233,51.72164948453607,314.0
570,765,27034,1.4390243902439024,3.682926829268293,17.682926829268293,173.0
571,1233,40815,1.2941176470588236,3.647058823529412,20.647058823529417,38.0
572,502,36892,1.5319148936170213,3.8297872340425534,30.82978723404255,152.0
573,2857,30964,1.0,3.0,3.0,9.0
574,1032,44693,1.125,3.875,3.875,16.0
575,304,38727,1.125,3.875,11.875,20.0
576,683,32258,1.2941176470588236,3.367647058823529,13.470588235294118,131.0
577,857,33046,1.0,3.9,6.8,9.0
578,4038,33838,1.25,3.375,9.833333333333334,13.0
579,186,33069,1.181818181818182,3.0454545454545454,10.0,14.0
580,39853,39642,1.6595744680851063,3.5212765957446814,27.53191489361702,143.0
581,290,34319,1.3636363636363635,3.954545454545455,9.272727272727273,26.0
582,95,38008,1.6,4.2,24.0,9.0
583,214,34772,1.6923076923076923,3.5384615384615383,49.0,20.0
584,8947,39940,1.6428571428571428,3.6071428571428568,24.0,26.0
585,14994,40881,1.4583333333333333,3.6041666666666665,20.125,162.0
586,965,35333,1.3679245283018868,3.617924528301887,23.509433962264147,363.0
587,327,31349,1.3333333333333333,3.8333333333333335,6.666666666666668,11.0
588,515,33665,1.4883720930232558,3.72093023255814,19.418604651162788,151.0
589,1191,34561,1.8333333333333333,4.125,13.666666666666664,39.0
590,1607,36069,1.3333333333333333,4.0,5.0,8.0
591,5355,35456,1.3333333333333333,3.4444444444444446,12.055555555555555,20.0
592,541,33844,1.3076923076923077,3.7884615384615374,8.692307692307693,88.0
593,475,46764,1.5454545454545454,4.227272727272728,51.63636363636363,70.0
594,25676,58444,1.6111111111111112,3.351851851851852,46.018518518518526,202.0
595,277,31656,1.2,3.633333333333333,9.933333333333334,25.0
596,12466,31056,1.4615384615384617,3.7307692307692313,27.76923076923077,38.0
597,164422,34845,1.5444444444444445,3.5416666666666665,47.272222222222226,786.0
598,329,30204,1.75,4.125,27.08333333333333,23.0
599,1479,29193,1.3333333333333333,4.333333333333333,44.33333333333334,5.0
600,1121,37554,1.2333333333333334,3.3,16.533333333333335,77.0
601,6144,29277,1.3636363636363635,3.5454545454545454,5.2727272727272725,27.0
602,3223,33198,1.4444444444444444,2.6111111111111107,7.777777777777778,14.0
603,331,29121,1.0,4.5,3.0,5.0
604,916,30581,1.6363636363636365,3.954545454545455,31.363636363636363,32.0
605,1924,29254,1.0,2.75,3.0,5.0
606,1007,26883,1.5116279069767442,3.651162790697674,11.674418604651162,131.0
607,2111,24420,1.2857142857142858,3.3571428571428568,8.285714285714286,13.0
608,952,27723,1.5,2.75,10.5,7.0
609,2916,34245,1.2,3.5,28.2,10.0
610,74428,40858,1.5061728395061729,3.469135802469136,76.09876543209877,230.0
611,750,57613,1.8571428571428568,4.357142857142857,13.571428571428573,9.0
612,625,46461,1.5,2.75,3.5,5.0
613,685,41893,1.6904761904761905,3.702380952380953,32.59523809523809,165.0
614,17938,35597,1.21875,3.421875,20.4375,82.0
615,49329,36166,1.319148936170213,3.3297872340425534,35.93617021276596,154.0
616,9536,31729,1.6428571428571428,4.0,39.714285714285715,62.0
617,8776,33261,1.5714285714285714,3.928571428571429,26.07142857142857,51.0
618,2118,29263,1.0769230769230769,2.8846153846153846,7.153846153846153,16.0
619,111,34734,1.1666666666666667,3.8333333333333335,12.666666666666664,13.0
620,461,28836,1.3636363636363635,3.25,23.79545454545455,129.0
621,971,36576,1.6,3.8333333333333335,54.0,38.0
622,14936,37444,1.6875,3.53125,29.9375,50.0
623,207,31456,1.5185185185185186,3.648148148148149,35.444444444444436,111.0
624,4391,37538,1.805555555555556,3.75,94.86111111111113,75.0
625,620,38414,1.2,3.7,13.9,15.0
626,881,32809,1.3861386138613858,3.5792079207920797,43.29702970297029,325.0
627,995,29340,1.4166666666666667,4.0,29.0,24.0
628,12921,34484,1.6059113300492611,3.5886699507389164,88.02463054187191,851.0
629,274291,43817,1.5601851851851851,3.6944444444444446,137.0,745.0
630,4042,31256,1.7647058823529411,4.0588235294117645,63.647058823529406,60.0
631,2113,28555,1.4444444444444444,3.611111111111111,11.111111111111109,13.0
632,1030,36378,1.1,3.4,9.4,13.0
633,15086,29056,1.3114754098360657,3.5081967213114758,31.606557377049178,197.0
634,15,102808,1.8333333333333333,3.145833333333333,27.875,89.0
635,92,53664,1.6666666666666667,3.458333333333333,6.083333333333332,24.0
636,553,50471,1.6,3.7,3.4,10.0
637,599,32024,1.6,3.2,3.8,11.0
638,710,59264,2.0,2.833333333333333,4.0,16.0
639,535,43906,1.6666666666666667,3.8333333333333335,6.833333333333332,29.0
640,56,53320,1.7272727272727273,4.0,14.0,49.0
641,69,41871,1.3636363636363635,3.954545454545455,5.363636363636363,20.0
642,31,55901,1.4146341463414631,3.2804878048780486,24.65853658536585,127.0
643,18,43573,1.431372549019608,3.2254901960784315,12.980392156862745,177.0
644,10,46166,1.6779661016949152,3.3983050847457625,30.40677966101695,199.0
645,84,52036,1.25,3.875,3.5,10.0
646,54,49514,1.6428571428571428,3.6428571428571432,11.071428571428573,38.0
647,30,53801,2.0,4.5,4.0,37.0
648,105,40458,1.5901639344262295,3.2704918032786887,31.29508196721311,177.0
649,32,72079,1.7,3.65,10.1,33.0
650,41,87338,1.6428571428571428,4.142857142857143,6.142857142857142,37.0
651,155,26476,2.0,4.0,14.0,6.0
652,27,31196,1.5555555555555556,3.7777777777777777,4.222222222222221,22.0
653,54,58394,1.5,3.7236842105263164,27.86842105263158,143.0
654,38,49167,1.5,3.75,2.25,8.0
655,75,65769,1.7777777777777777,3.9444444444444446,4.111111111111111,26.0
656,12,94629,2.142857142857143,3.7857142857142856,39.285714285714285,71.0
657,21,49276,1.7173913043478262,3.4347826086956523,46.76086956521739,168.0
658,45,50815,1.5737704918032789,3.344262295081968,32.09836065573771,178.0
659,52,43100,1.2,4.0,2.0,10.0
660,99,81696,1.6,3.3272727272727267,35.85454545454545,182.0
661,896,51942,1.7142857142857142,4.0,12.142857142857142,73.0
662,56948,46131,1.5882352941176472,3.156862745098038,27.27450980392157,128.0
663,1211,51356,1.5,3.75,4.0,5.0
664,120,49203,1.6666666666666667,4.333333333333333,12.111111111111109,52.0
665,2205,57358,1.75,3.75,6.75,6.0
666,37,53088,1.827586206896552,3.5,47.58620689655172,108.0
667,1264,59955,1.6666666666666667,3.0,4.333333333333333,5.0
668,39,55428,1.625,4.125,15.0,70.0
669,168,53894,1.4,3.6,4.8,9.0
670,1608,67676,1.4285714285714286,3.571428571428572,6.2857142857142865,16.0
671,942,42262,1.4545454545454546,3.863636363636364,6.727272727272728,15.0
672,1131,57030,1.6153846153846154,3.7692307692307687,51.07692307692307,31.0
673,33761,84898,1.5862068965517242,3.2931034482758617,46.06896551724138,87.0
674,2360,45619,1.0,3.6666666666666665,12.333333333333336,5.0
675,287401,46012,1.4475138121546962,3.2707182320441985,46.895027624309385,581.0
676,2381,44682,1.5106382978723405,3.5851063829787235,10.382978723404257,198.0
677,1726,55980,1.5,3.125,10.625,12.0
678,7220,45424,1.25,3.583333333333333,9.916666666666666,13.0
679,2845,42877,1.6666666666666667,3.8333333333333335,32.166666666666664,13.0
680,5622,42017,1.1666666666666667,2.9166666666666665,4.5,12.0
681,193,76590,1.4545454545454546,3.863636363636364,8.545454545454545,19.0
682,71,52193,1.4827586206896552,3.8620689655172415,22.58620689655172,89.0
683,165,45694,1.5384615384615383,3.9230769230769234,72.23076923076924,58.0
684,401,45607,1.5,4.25,5.0,5.0
685,81,48447,1.4285714285714286,4.071428571428571,16.642857142857142,45.0
686,233,76262,1.375,3.75,5.125,19.0
687,1511,42472,1.6153846153846154,3.8846153846153846,20.53846153846154,23.0
688,7866,45992,1.4117647058823528,3.294117647058824,22.411764705882355,25.0
689,868,46771,1.0,4.0,1.0,5.0
690,210,62747,1.0,4.5,3.5,6.0
691,130,52541,1.6153846153846154,3.807692307692308,25.30769230769231,57.0
692,352,36465,1.4666666666666666,3.966666666666667,15.066666666666665,24.0
693,202,57890,1.4335260115606936,3.3786127167630062,36.6820809248555,607.0
694,619,45842,1.25,4.625,4.25,8.0
695,61,55188,1.6,4.25,30.1,71.0
696,225,49578,2.0,3.8333333333333335,7.0,10.0
697,567,46991,1.2727272727272727,3.5,6.909090909090909,18.0
698,112,47692,1.4,3.9,3.0,10.0
699,912,45289,1.5952380952380951,3.488095238095238,28.0,162.0
700,117,50337,1.0,3.1,12.6,5.0
701,205,53502,1.75,3.875,3.5,6.0
702,118,49510,1.0,2.25,7.0,7.0
703,27,67864,1.4137931034482758,4.0,25.103448275862068,108.0
704,103,50971,1.5555555555555556,3.7222222222222223,9.666666666666666,13.0
705,530,42473,1.0,3.5,1.5,11.0
706,439,54408,1.5,4.0,9.5,5.0
707,130,63956,1.3972602739726028,3.315068493150685,18.246575342465754,286.0
708,675,45755,1.7241379310344829,3.7931034482758617,60.6551724137931,89.0
709,742,50020,1.9230769230769231,3.9615384615384617,73.69230769230771,27.0
710,1336,52320,1.75,3.875,32.125,15.0
711,25969,51831,1.673469387755102,3.5867346938775517,88.5357142857143,742.0
712,5992,53343,1.7058823529411764,3.5294117647058822,43.470588235294116,23.0
713,4186,43174,1.818181818181818,3.772727272727273,45.90909090909091,16.0
714,15745,49188,1.6270270270270266,3.597297297297297,73.16756756756756,563.0
715,26708,44949,1.7125748502994012,3.6736526946107775,102.437125748503,571.0
716,5525,59230,1.8823529411764703,3.8368983957219247,127.951871657754,1700.0
717,4747,43087,1.2857142857142858,3.2142857142857144,9.142857142857142,11.0
718,9884,53760,1.4766355140186915,3.504672897196261,48.33644859813084,369.0
719,19145,84260,1.705,3.535,97.395,592.0
720,3448,51473,1.8141592920353984,3.5442477876106198,119.30973451327435,343.0
721,73973,46905,1.995,4.1075,339.07,3200.0
722,69948,45746,1.5666666666666669,3.7,106.86666666666666,681.0
723,63884,47392,1.95959595959596,3.9747474747474754,148.3232323232323,2300.0
724,10105,38593,1.6666666666666667,3.7222222222222223,96.05555555555556,56.0
725,84612,50557,1.834862385321101,3.8715596330275233,219.57798165137612,373.0
726,8407,31804,1.1764705882352942,3.3823529411764706,58.88235294117647,22.0
727,5971,33342,1.8823529411764703,4.073529411764706,139.52941176470586,94.0
728,55414,42537,1.5571428571428572,3.4642857142857144,119.67142857142859,186.0
729,20341,42169,1.6470588235294117,4.147058823529412,107.82352941176471,71.0
730,1306,41061,2.0,3.875,16.666666666666668,16.0
731,576,57163,1.847457627118644,3.6779661016949152,59.79661016949152,188.0
732,9677,36386,1.6153846153846154,3.9230769230769234,28.69230769230769,29.0
733,1517,48801,2.0526315789473686,4.039473684210527,530.2631578947369,1000.0
734,636,39500,2.0,4.0,41.23529411764706,71.0
735,4613,35304,1.809523809523809,3.75,37.452380952380956,127.0
736,1148,39067,1.625,3.6875,13.75,8.0
737,2257,33508,1.5833333333333333,3.6354166666666665,37.75,190.0
738,3473,36686,1.8253968253968251,3.849206349206349,67.84126984126982,211.0
739,710,38463,1.5918367346938775,3.6428571428571432,28.857142857142854,148.0
740,5084,41786,1.6666666666666667,3.75,11.166666666666664,9.0
741,2462,39502,1.4615384615384617,3.9807692307692313,26.653846153846153,117.0
742,3329,38118,1.4761904761904765,3.5297619047619047,33.45238095238095,279.0
743,4256,36101,1.8571428571428568,3.3571428571428568,24.57142857142857,7.0
744,10596,36583,1.446153846153846,3.5615384615384613,38.96923076923077,385.0
745,65575,45851,1.8219895287958117,3.7748691099476432,85.45026178010471,993.0
746,9212,42725,1.4720496894409938,3.450310559006211,57.26086956521739,477.0
747,17337,34968,1.625,3.59375,33.75,91.0
748,10912,38764,2.0,3.7666666666666666,33.86666666666667,68.0
749,8398748,151128,2.0580357142857144,4.084821428571429,926.3973214285713,18800.0
750,11243,36869,1.6153846153846154,3.7307692307692313,14.615384615384615,31.0
751,10088,45771,1.625,3.6875,18.75,9.0
752,18713,35030,1.7222222222222223,3.9166666666666665,51.83333333333334,71.0
753,97279,53791,1.7736842105263158,3.8684210526315783,98.4157894736842,1300.0
754,7597,31518,1.8333333333333333,3.083333333333333,9.666666666666666,12.0
755,1094,45095,1.625,3.90625,27.5625,64.0
756,1608,39185,1.9285714285714288,4.107142857142857,38.07142857142857,52.0
757,6443,46724,1.5454545454545454,3.9090909090909087,20.90909090909091,20.0
758,2731,34128,1.9285714285714288,3.7857142857142856,40.07142857142857,30.0
759,12593,42913,1.709090909090909,3.945454545454545,66.68181818181819,345.0
760,4690,41958,1.5769230769230769,3.9038461538461537,33.03846153846154,102.0
761,3678,53434,1.7011494252873562,3.727011494252874,77.63793103448276,666.0
762,2579,34602,2.0,4.041666666666667,65.08333333333333,61.0
763,988,39367,1.9375,4.0625,64.9375,39.0
764,1421,42753,1.7857142857142858,4.142857142857143,22.357142857142854,21.0
765,989,38276,1.5454545454545454,3.6818181818181817,21.454545454545453,13.0
766,5725,55809,1.7959183673469388,3.5561224489795915,80.3061224489796,289.0
767,50092,45306,1.6111111111111112,3.798611111111111,55.26388888888889,261.0
768,4783,75376,1.6722689075630253,3.7142857142857135,79.66386554621847,409.0
769,3002,34651,1.5,3.5,22.83333333333333,9.0
770,2419,35437,1.6,4.15,31.9,51.0
771,2900,38109,1.9375,3.9375,26.9375,43.0
772,3717,37645,1.8,3.933333333333333,135.66666666666666,42.0
773,15149,38880,1.84,3.84,55.72,88.0
774,8005,39110,1.9516129032258065,3.4516129032258065,91.79032258064517,412.0
775,22554,45252,1.619318181818182,3.6590909090909087,70.32954545454545,660.0
776,1127,39559,1.4666666666666666,3.3666666666666667,16.333333333333332,19.0
777,2683,34271,1.7894736842105263,3.657894736842105,63.39473684210525,148.0
778,19791,45897,1.7428571428571429,3.7571428571428567,85.94285714285714,115.0
779,24022,36597,1.8666666666666667,3.966666666666667,49.13333333333333,31.0
780,3246,48150,1.6,3.8,51.2,13.0
781,3543,33430,1.4848484848484849,3.727272727272727,17.484848484848484,85.0
782,1849,38918,1.0,3.875,2.5,7.0
783,2286,31379,1.3928571428571428,3.696428571428572,34.285714285714285,107.0
784,1085,36813,1.5306122448979589,3.459183673469388,22.26530612244898,151.0
785,4833,32511,1.625,3.75,63.0,37.0
786,1853,34696,1.2857142857142858,3.25,15.285714285714285,23.0
787,1073,30254,1.125,3.0,2.75,10.0
788,3448,40702,1.3636363636363635,3.4545454545454546,21.84848484848485,80.0
789,42554,41460,1.6428571428571428,4.0,52.14285714285714,64.0
790,7482,31949,1.5833333333333333,3.625,9.916666666666666,36.0
791,4102,38592,1.0,4.5,16.333333333333332,6.0
792,8885,32677,1.4193548387096775,3.4516129032258065,31.193548387096772,102.0
793,4201,38388,1.75,4.15625,33.9375,67.0
794,3210,39673,1.4285714285714286,3.2857142857142856,9.571428571428571,11.0
795,7764,44317,1.2307692307692308,3.4230769230769234,5.6923076923076925,18.0
796,8859,33952,1.3076923076923077,3.8846153846153846,19.076923076923077,39.0
797,2473,33507,1.3858695652173914,3.407608695652174,31.608695652173914,600.0
798,4899,40333,1.5714285714285714,3.75,31.33333333333333,172.0
799,447,34204,1.5,4.035714285714286,21.5,49.0
800,610,45112,1.5291005291005288,3.5423280423280423,54.03703703703704,663.0
801,4538,36560,1.5925925925925926,3.592592592592593,25.92592592592593,107.0
802,2100,35185,1.4285714285714286,3.2571428571428567,29.142857142857146,80.0
803,1202,57133,1.5606060606060606,3.446969696969697,60.21212121212121,182.0
804,3839,36922,1.4,2.7,2.4,8.0
805,2112,36123,1.3333333333333333,3.7083333333333335,24.25,60.0
806,965,43515,1.3333333333333333,3.933333333333333,44.46666666666667,67.0
807,538,29491,1.125,3.2375,10.725,130.0
808,4321,39851,1.3636363636363635,4.090909090909091,11.818181818181818,31.0
809,8934,36398,1.5555555555555556,3.9166666666666665,25.277777777777782,39.0
810,710,39111,1.1428571428571428,3.1428571428571432,7.142857142857142,7.0
811,4115,32934,1.3846153846153846,3.8461538461538463,7.384615384615384,26.0
812,1262,36069,1.6153846153846154,3.3076923076923075,21.30769230769231,26.0
813,1858,37943,1.4375,3.5625,20.25,37.0
814,36087,32292,1.3793103448275863,3.5172413793103448,21.103448275862068,86.0
815,64028,40458,1.4274193548387095,3.427419354838709,30.661290322580644,422.0
816,7050,37574,1.625,3.71875,62.375,40.0
817,6242,32512,1.4285714285714286,3.7142857142857135,19.5,46.0
818,3030,36077,1.4193548387096775,3.419354838709677,28.241935483870968,184.0
819,11608,34136,1.6153846153846154,3.9615384615384617,53.384615384615394,51.0
820,62174,51996,1.52020202020202,3.5883838383838382,57.78282828282829,881.0
821,11686,45894,1.465,3.4575,40.38,679.0
822,42613,40094,1.4044117647058822,3.25,44.80147058823529,402.0
823,39930,63042,1.4920634920634919,3.3015873015873014,70.2063492063492,419.0
824,16663,37310,1.5333333333333334,3.733333333333333,15.8,46.0
825,11054,32279,1.3,3.4,12.3,33.0
826,18079,34087,1.5384615384615383,3.58974358974359,22.948717948717945,137.0
827,24688,30284,1.4848484848484849,3.636363636363636,45.93939393939394,94.0
828,6231,34446,1.6,3.8,21.4,37.0
829,26072,47712,1.84375,3.640625,60.84375,106.0
830,13887,29895,1.52,3.69,52.18,173.0
831,6893,36022,1.7096774193548387,3.629032258064516,41.87096774193548,95.0
832,24714,36561,1.7708333333333333,3.46875,71.97916666666667,152.0
833,1704,24020,1.0,3.388888888888889,8.444444444444445,15.0
834,10805,41017,1.5157894736842106,3.3210526315789477,77.51052631578948,546.0
835,2097,29734,1.2,3.7,6.8,13.0
836,725,44891,1.9180327868852456,4.057377049180328,117.13661202185793,3800.0
837,6123,35138,1.4418604651162792,3.5930232558139537,27.81395348837209,162.0
838,3407,32356,1.7142857142857142,3.7857142857142856,13.428571428571427,10.0
839,2657,42446,1.3529411764705883,3.6176470588235294,21.823529411764707,31.0
840,1353,35997,1.2978723404255321,3.4255319148936163,23.76595744680851,139.0
841,3780,30516,1.1,4.35,7.0,25.0
842,20423,34388,1.4705882352941178,3.7352941176470584,23.294117647058826,51.0
843,1011,34487,1.0,3.25,9.5,9.0
844,38382,50919,1.3982300884955752,3.495575221238938,24.1858407079646,420.0
845,10680,37490,1.6153846153846154,3.692307692307693,14.692307692307693,30.0
846,6783,44855,1.4528301886792452,3.2452830188679247,27.37735849056604,139.0
847,9030,40925,1.2222222222222223,3.888888888888889,9.0,18.0
848,1296,38859,1.6206896551724137,3.7586206896551726,26.931034482758623,120.0
849,37402,33556,1.4347826086956519,3.4347826086956523,27.56521739130435,95.0
850,6874,42917,1.5050505050505047,3.5707070707070705,56.717171717171716,301.0
851,3612,34347,1.2,3.3,6.6,5.0
852,11795,31883,1.0714285714285714,3.321428571428572,14.642857142857142,22.0
853,155,34574,1.0,2.25,6.5,6.0
854,400669,71431,1.7091836734693877,3.954081632653061,93.31632653061224,1200.0
855,196,34939,1.2745098039215683,3.5980392156862746,14.882352941176471,211.0
856,7172,34254,1.1666666666666667,3.0,8.25,22.0
857,9061,36245,1.3333333333333333,4.083333333333333,9.833333333333334,25.0
858,659,56275,1.4810126582278482,3.4936708860759493,51.645569620253156,241.0
859,12162,51653,1.5,3.8333333333333335,27.83333333333333,43.0
860,2117,34000,2.0,2.75,29.0,6.0
861,504,30316,2.0,4.5,8.0,9.0
862,299,31123,1.42,3.36,24.06,190.0
863,675,36218,1.2424242424242424,3.462121212121212,14.772727272727273,258.0
864,1404,54140,1.5333333333333334,4.0,19.8,44.0
865,3131,29639,1.0714285714285714,3.4642857142857144,17.285714285714285,18.0
866,818,26217,1.4444444444444444,3.453703703703704,15.870370370370368,193.0
867,176,31273,1.2,4.6,22.8,7.0
868,1082,33574,1.6153846153846154,4.076923076923077,41.615384615384606,63.0
869,205,43656,1.125,3.75,13.25,17.0
870,239,42438,1.8,4.15,45.7,68.0
871,1507,29129,1.3333333333333333,2.833333333333333,10.333333333333334,6.0
872,12624,30261,1.2258064516129032,3.0161290322580645,18.90322580645161,82.0
873,3148,42448,1.0,2.6666666666666665,5.0,8.0
874,1567,37682,1.2857142857142858,4.178571428571429,12.357142857142858,33.0
875,404,29398,1.4666666666666666,3.683333333333333,28.266666666666666,125.0
876,3406,44761,1.4193548387096775,3.4032258064516134,29.64516129032258,85.0
877,254,38125,1.4166666666666667,4.166666666666667,26.91666666666667,48.0
878,1923,34161,1.1666666666666667,4.0,4.333333333333333,9.0
879,8,35341,2.0,4.5,3.0,7.0
880,4924,46789,1.2727272727272727,2.9545454545454546,9.181818181818182,15.0
881,1172,37891,1.5555555555555556,4.055555555555555,53.22222222222222,14.0
882,437,33404,1.8947368421052633,4.105263157894736,143.6315789473684,24.0
883,817,40506,1.5,4.375,33.25,35.0
884,2212,35343,1.25,3.5,8.375,13.0
885,7171,33773,1.5384615384615383,4.038461538461538,55.0,59.0
886,5311,37857,1.6111111111111112,4.333333333333333,181.72222222222226,49.0
887,3366,29736,1.0,4.0,14.5,6.0
888,7806,44061,1.75,4.125,168.5,97.0
889,393,38229,1.4666666666666666,3.8,29.66666666666667,24.0
890,929,36513,1.9166666666666667,4.041666666666667,38.583333333333336,55.0
891,7561,38684,1.9375,3.84375,80.3125,55.0
892,3909,37115,1.4375,3.59375,35.6875,33.0
893,8641,36707,1.6,3.8,22.771428571428572,153.0
894,1703,42356,1.5833333333333333,4.291666666666667,13.916666666666664,42.0
895,831,37164,1.0,4.0,8.0,8.0
896,1859,38806,1.6153846153846154,4.307692307692308,25.615384615384613,43.0
897,5738,37901,1.5,4.035714285714286,23.357142857142854,58.0
898,1068,36836,1.3,3.7,17.5,12.0
899,2795,35673,1.6451612903225807,3.7741935483870965,51.064516129032256,108.0
900,486,46517,1.5289256198347108,3.5,65.92561983471074,424.0
901,1295,49530,1.7222222222222223,3.6944444444444446,33.55555555555556,40.0
902,954,36578,1.4615384615384617,4.0,25.84615384615385,39.0
903,5903,39311,1.52,3.4466666666666668,30.70666666666667,228.0
904,6222,69983,1.553846153846154,3.7307692307692313,26.323076923076922,215.0
905,370,42613,2.066666666666667,3.7,104.73333333333332,54.0
906,2854,40751,1.6153846153846154,3.7692307692307687,19.46153846153846,43.0
907,1552,55959,1.6684782608695652,3.804347826086957,89.28260869565219,934.0
908,3587,37370,1.6896551724137931,3.9137931034482767,30.86206896551724,124.0
909,2561,38657,1.4285714285714286,3.75,27.285714285714285,31.0
910,3181,37895,1.1,3.3,34.2,15.0
911,1462,39745,1.6326530612244898,3.755102040816327,36.938775510204074,149.0
912,12184,36771,1.375,3.8125,48.6875,50.0
913,1455,41880,1.2857142857142858,4.357142857142857,13.714285714285715,13.0
914,4347,41117,1.6129032258064515,3.338709677419355,54.161290322580655,77.0
915,39231,46336,1.4533333333333334,3.486666666666667,43.86666666666667,253.0
916,25902,41174,1.6,3.658333333333333,42.91666666666666,206.0
917,4502,39921,1.627906976744186,3.6860465116279064,34.55813953488372,173.0
918,8280,37530,1.375,4.03125,19.25,34.0
919,1164,36304,1.4666666666666666,3.9,45.6,40.0
920,970,41977,1.5555555555555556,3.5277777777777777,37.194444444444436,93.0
921,1847,43154,1.5,4.05,14.2,52.0
922,12993,50199,1.5625,3.65625,37.020833333333336,169.0
923,33909,72118,1.4842767295597483,3.361635220125786,52.30817610062893,532.0
924,96471,39260,1.4954954954954955,3.36036036036036,42.792792792792795,336.0
925,59420,44259,1.6369863013698631,3.671232876712329,81.10273972602741,474.0
926,912,34289,1.5,3.625,10.666666666666666,19.0
927,1584138,49341,2.0144927536231885,4.096618357487923,486.7826086956522,4400.0
928,320,37269,1.3333333333333333,3.6666666666666665,5.166666666666667,18.0
929,9835,35578,1.4166666666666667,3.5416666666666665,26.58333333333333,16.0
930,9124,41523,1.6666666666666667,3.9,20.8,33.0
931,13508,50489,1.4901960784313726,3.6666666666666665,44.74509803921568,141.0
932,6078,40966,1.6153846153846154,3.807692307692308,16.923076923076927,23.0
933,6256,48865,1.4615384615384617,3.5480769230769234,53.05769230769231,128.0
934,6536,52606,1.9392265193370168,4.0,221.22099447513813,1800.0
935,1758,39512,1.6428571428571428,3.4285714285714284,32.285714285714285,22.0
936,44118,42911,1.4761904761904765,3.414285714285714,47.457142857142856,363.0
937,4255,41373,1.5333333333333334,3.7666666666666666,41.93333333333333,39.0
938,1308,36665,1.631578947368421,3.5526315789473686,96.14473684210527,241.0
939,941,36266,1.427672955974843,3.506289308176101,52.9182389937107,728.0
940,2050,38678,1.0,4.0,5.0,5.0
941,568,35073,1.5,3.4166666666666665,12.75,14.0
942,2369,41836,1.2857142857142858,3.3571428571428568,8.071428571428571,26.0
943,1123,36740,1.75,3.676020408163265,116.70408163265307,680.0
944,331,38499,1.25,3.1875,5.75,15.0
945,5172,36009,2.0,3.8125,66.75,36.0
946,7168,35033,1.5161290322580645,3.4838709677419355,28.548387096774192,75.0
947,24590,58825,1.9705882352941175,3.7647058823529416,229.4705882352941,199.0
948,179335,42740,1.8415841584158417,3.9257425742574257,186.40594059405944,1200.0
949,22131,66397,1.6521739130434785,3.695652173913044,68.31884057971014,194.0
950,9175,37351,1.5,3.71875,19.8125,50.0
951,8846,30681,1.4285714285714286,4.071428571428571,16.714285714285715,64.0
952,21737,40433,1.5647668393782384,3.5440414507772022,59.476683937823836,810.0
953,2346,30467,1.0,3.1428571428571432,7.2857142857142865,11.0
954,6427,27284,1.4166666666666667,3.625,5.166666666666667,24.0
955,10337,33748,1.7647058823529411,4.088235294117647,26.235294117647058,56.0
956,39656,34425,1.4468085106382982,3.5212765957446814,31.97872340425532,149.0
957,3632,30675,1.0,2.1,7.0,11.0
958,37644,38173,1.4148148148148147,3.3222222222222224,36.19259259259259,454.0
959,7764,29080,1.2222222222222223,3.888888888888889,12.333333333333336,33.0
960,8235,39488,1.5384615384615383,3.615384615384616,26.153846153846153,36.0
961,12903,29671,1.318181818181818,3.477272727272727,31.181818181818183,92.0
962,2249,35877,1.5,4.5,5.5,5.0
963,3164,33246,1.1111111111111112,3.888888888888889,12.888888888888891,41.0
964,23407,33035,1.4137931034482758,3.8793103448275854,19.896551724137925,108.0
965,2979,26617,1.0,2.5,2.5,5.0
966,2531,27252,1.1,3.3,5.0,16.0
967,30778,36900,1.4714285714285715,3.2928571428571427,25.057142857142853,188.0
968,27380,34814,1.4444444444444444,3.3981481481481484,31.407407407407412,335.0
969,3237,30041,1.1666666666666667,3.583333333333333,4.0,9.0
970,4367,29978,1.3076923076923077,2.4615384615384617,4.9230769230769225,19.0
971,13357,48552,1.7384615384615385,3.5461538461538464,71.70769230769231,203.0
972,136208,50970,1.896039603960396,4.0371287128712865,317.91584158415844,1300.0
973,5043,29583,1.1875,3.59375,8.4375,23.0
974,1420,26476,1.0,2.5,5.25,8.0
975,5928,32571,1.4166666666666667,3.9166666666666665,51.41666666666666,48.0
976,6367,24259,1.6666666666666667,3.2,23.53333333333333,35.0
977,4769,30301,1.2222222222222223,3.555555555555556,7.222222222222222,11.0
978,37625,36050,1.3947368421052628,3.3157894736842106,45.01315789473684,251.0
979,8779,39576,1.1666666666666667,2.5416666666666665,51.25,13.0
980,68563,42283,1.7435897435897436,3.858974358974359,107.8102564102564,1200.0
981,5393,29578,1.1666666666666667,3.2916666666666665,9.0,23.0
982,65,55988,1.4285714285714286,3.4285714285714284,50.14285714285714,8.0
983,247,37292,1.7777777777777777,4.166666666666667,22.88888888888889,64.0
984,17,48335,1.4444444444444444,3.888888888888889,4.0,16.0
985,277,64369,1.5833333333333333,3.9583333333333335,52.66666666666666,50.0
986,182,56665,1.680851063829787,3.5106382978723403,24.4468085106383,156.0
987,33,39964,1.3947368421052628,3.8684210526315783,16.315789473684212,173.0
988,22,79150,1.6875,4.125,26.5625,42.0
989,252,54583,1.5,3.9642857142857135,21.357142857142858,30.0
990,2,34482,1.5675675675675675,3.918918918918919,40.135135135135144,147.0
991,562,44036,1.4615384615384617,4.1923076923076925,65.76923076923077,60.0
992,50,52731,1.4285714285714286,3.7142857142857135,5.428571428571429,18.0
993,55,85959,1.834862385321101,3.7568807339449535,484.5963302752293,1300.0
994,789,46881,1.4444444444444444,3.583333333333333,13.555555555555555,33.0
995,24509,42256,1.5555555555555556,3.861111111111111,27.555555555555557,50.0
996,352,22380,1.3333333333333333,4.166666666666667,5.666666666666668,4.0
997,1065,51723,1.3947368421052628,3.3289473684210527,7.894736842105262,152.0
998,1935,42449,1.7058823529411764,4.235294117647058,125.58823529411764,30.0
999,160,25520,1.524590163934426,3.4098360655737703,39.65573770491803,190.0
1000,1249,41688,1.625,4.125,18.375,37.0
1001,632,47143,1.6666666666666667,4.0,1.6666666666666667,12.0
1002,14700,43366,1.6428571428571428,3.7142857142857135,20.5,38.0
1003,125,56042,1.5909090909090908,3.5454545454545454,12.227272727272727,80.0
1004,1331,59375,1.0,1.0,3.0,7.0
1005,133,45980,1.4,3.7,34.6,17.0
1006,217,28391,1.0,4.0,10.0,6.0
1007,1051,36817,1.0,3.75,3.0,8.0
1008,3577,33592,1.4269662921348314,3.6235955056179776,32.68539325842696,309.0
1009,1075,36450,1.3725490196078431,3.3823529411764706,8.588235294117647,195.0
1010,5809,41723,1.4137931034482758,3.431034482758621,20.931034482758623,177.0
1011,6315,32020,1.3333333333333333,3.2777777777777777,7.777777777777778,22.0
1012,465,37799,1.3636363636363635,4.0,19.545454545454547,59.0
1013,66903,27859,1.4838709677419355,3.290322580645161,33.32258064516129,204.0
1014,396,35101,1.2727272727272727,4.045454545454546,11.818181818181818,45.0
1015,80914,34251,1.5757575757575757,3.6868686868686873,117.81313131313131,831.0
1016,2216,36791,1.3636363636363635,3.363636363636364,11.030303030303033,155.0
1017,15583,34521,1.5357142857142858,3.8571428571428568,27.92857142857143,105.0
1018,1271,29948,1.4166666666666667,4.0,35.833333333333336,74.0
1019,1647,39001,1.5384615384615383,3.5384615384615383,19.846153846153847,68.0
1020,10254,33746,1.6,3.45,37.5,33.0
1021,4802,48793,1.616580310880829,3.660621761658031,166.24870466321244,751.0
1022,18484,40402,1.4,3.109090909090909,15.872727272727273,185.0
1023,2359,28988,1.6153846153846154,3.7692307692307687,20.153846153846157,42.0
1024,210,34722,1.2962962962962965,3.1481481481481484,27.81481481481481,75.0
1025,33542,34203,1.4,3.64,57.6,105.0
1026,1398,34927,1.3488372093023255,3.4883720930232562,30.6046511627907,289.0
1027,142344,119448,1.53921568627451,3.1666666666666665,47.941176470588225,351.0
1028,3991,37989,1.4444444444444444,3.888888888888889,73.8888888888889,11.0
1029,1187,35642,1.0,4.333333333333333,21.33333333333333,6.0
1030,255885,38807,1.3867403314917126,3.1629834254143647,56.00552486187846,558.0
1031,3537,43872,1.2941176470588236,3.647058823529412,65.35294117647061,20.0
1032,15908,40604,1.3041237113402062,3.1623711340206184,83.25773195876289,605.0
1033,9349,34237,1.5,4.15,21.5,36.0
1034,1034,64325,1.55,3.4291666666666667,67.96666666666667,424.0
1035,2771,45700,1.1,2.95,20.1,13.0
1036,382,42008,1.2142857142857142,3.1785714285714284,13.642857142857142,19.0
1037,5580,36158,1.25,3.75,8.25,14.0
1038,7909,46015,1.1333333333333333,3.6666666666666665,58.66666666666666,22.0
1039,5944,45913,1.0,3.3,8.4,14.0
1040,484,41750,1.3471502590673574,3.1139896373056994,44.927461139896366,581.0
1041,1507,47936,1.25,3.75,8.5,6.0
1042,8654,40827,1.4137931034482758,3.5172413793103448,16.24137931034483,77.0
1043,3434,37688,1.25,2.625,38.083333333333336,16.0
1044,67015,45847,1.55,3.625,36.05,157.0
1045,45112,52337,1.5571428571428572,3.4714285714285715,100.68571428571428,206.0
1046,16181,38661,1.5625,3.84375,29.75,47.0
1047,772,48822,1.392156862745098,3.794117647058824,26.92156862745098,211.0
1048,18126,48732,1.5833333333333333,3.7916666666666665,47.0,72.0
1049,17167,44198,1.4666666666666666,3.8333333333333335,106.53333333333332,42.0
1050,42462,62704,1.4225352112676055,3.4788732394366195,41.36619718309859,196.0
1051,761,49252,1.5454545454545454,4.090909090909091,27.363636363636363,73.0
1052,3158,30997,1.4444444444444444,3.611111111111111,13.222222222222221,12.0
1053,1877,33653,1.0,4.375,7.0,8.0
1054,2771,32491,1.3846153846153846,3.6538461538461537,11.230769230769232,19.0
1055,3448,55325,1.263157894736842,3.0789473684210527,15.105263157894735,21.0
1056,105729,29980,1.5272727272727271,3.386363636363636,56.61818181818182,425.0
1057,2083,29005,1.0,3.6666666666666665,11.0,6.0
1058,3680,48502,1.4,3.0,5.2,9.0
1059,4170,38180,1.3333333333333333,3.5,17.444444444444443,15.0
1060,4379,39495,1.3333333333333333,3.888888888888889,18.33333333333333,14.0
1061,6045,25793,1.2307692307692308,3.2692307692307687,39.846153846153854,20.0
1062,5529,25830,1.2307692307692308,3.5384615384615383,10.846153846153848,21.0
1063,4397,30028,1.3636363636363635,3.4090909090909087,14.181818181818182,18.0
1064,6397,42809,1.2,3.933333333333333,68.33333333333333,32.0
1065,47282,40362,1.446153846153846,3.2769230769230764,65.04615384615384,202.0
1066,6532,38419,1.3636363636363635,3.8181818181818175,22.54545454545455,31.0
1067,3112,44371,1.3125,3.5,17.625,24.0
1068,2012,46215,1.3571428571428572,3.821428571428572,69.78571428571429,17.0
1069,9420,31882,1.3928571428571428,3.3035714285714284,104.75,79.0
1070,901,41112,1.3571428571428572,3.7857142857142856,53.07142857142857,23.0
1071,301,43111,1.0,2.625,11.5,8.0
1072,964254,49031,1.7972972972972974,4.096846846846847,509.3738738738739,2300.0
1073,7467,37453,1.3076923076923077,3.5,21.30769230769231,29.0
1074,13762,53851,1.2941176470588236,3.294117647058824,12.411764705882351,33.0
1075,234,30978,1.6666666666666667,3.4166666666666665,16.0,7.0
1076,5059,35508,1.2857142857142858,3.8928571428571432,22.57142857142857,21.0
1077,1345047,51830,1.8529411764705883,4.0588235294117645,422.37745098039215,2700.0
1078,2264,43435,1.5714285714285714,3.6428571428571432,23.285714285714285,10.0
1079,138541,48827,1.4298245614035088,3.3859649122807016,107.39473684210527,360.0
1080,7644,36848,1.6,3.4,20.8,28.0
1081,797,31777,1.0,4.333333333333333,9.0,6.0
1082,2325502,33759,2.013574660633484,4.031674208144796,443.8099547511312,2700.0
1083,14083,24244,1.5,3.4871794871794872,25.923076923076927,304.0
1084,13280,36123,1.5,3.928571428571429,21.5,40.0
1085,1239,95018,1.5,3.375,4.5,7.0
1086,261,37440,1.375,3.25,51.375,9.0
1087,3242,34551,1.0,2.833333333333333,2.0,9.0
1088,1961,40555,1.9285714285714288,3.8928571428571432,43.85714285714285,24.0
1089,913,41209,1.3636363636363635,2.9090909090909087,8.727272727272727,15.0
1090,7606,42371,1.2857142857142858,3.5,31.357142857142854,25.0
1091,1976,44484,1.25,3.625,19.875,10.0
1092,50457,48054,1.5670103092783505,3.484536082474227,198.41237113402062,306.0
1093,1623,34871,1.0,3.0,7.6,7.0
1094,682669,31731,1.5771428571428572,3.7571428571428567,86.05714285714286,1000.0
1095,726,47802,1.2307692307692308,3.4230769230769234,25.923076923076927,25.0
1096,3919,49212,1.2,3.433333333333333,18.33333333333333,20.0
1097,264,29274,1.3333333333333333,4.416666666666667,11.666666666666664,42.0
1098,3016,52377,1.1,4.05,26.4,21.0
1099,27686,31163,1.4117647058823528,3.594117647058824,132.14117647058822,272.0
1100,35251,31564,1.5,3.75,54.83333333333334,69.0
1101,4260,43876,1.6666666666666667,3.583333333333333,21.66666666666667,7.0
1102,268,29448,1.3846153846153846,4.076923076923077,32.57692307692308,87.0
1103,1770,40706,1.25,2.75,11.5,6.0
1104,3104,33748,1.3333333333333333,3.5,76.3888888888889,19.0
1105,1342,34107,1.3070175438596492,3.3596491228070176,62.81578947368421,350.0
1106,134313,39178,1.6887755102040816,3.744897959183673,98.29591836734693,1100.0
1107,1702,36872,1.4166666666666667,3.333333333333333,20.75,15.0
1108,243,46222,1.3076923076923077,3.5769230769230766,21.538461538461537,15.0
1109,178626,39042,1.5223880597014925,3.3407960199004973,69.86567164179104,591.0
1110,244076,37569,1.8082901554404145,3.9481865284974087,174.2383419689119,2200.0
1111,5049,42996,1.6666666666666667,3.733333333333333,40.4,28.0
1112,94632,37238,1.734375,3.9088541666666665,121.86458333333331,1500.0
1113,99920,39649,1.4797297297297298,3.381756756756757,52.76351351351353,511.0
1114,228783,32032,1.8391959798994972,3.9949748743718594,186.72361809045222,1400.0
1115,2339,39354,1.25,4.375,16.0,6.0
1116,91185,46071,1.6938775510204085,3.397959183673469,61.85714285714285,174.0
1117,4194,34146,1.375,2.875,5.5,14.0
1118,450189,50719,1.829493087557604,3.9193548387096775,184.6405529953917,1300.0
1119,8726,35624,1.25,3.458333333333333,30.75,37.0
1120,1224,32437,1.4666666666666666,2.7333333333333334,10.2,19.0
1121,220,37898,2.0,3.8,38.6,6.0
1122,439,33906,1.3636363636363635,3.272727272727273,24.0,13.0
1123,18619,40439,1.5142857142857142,3.4,58.97142857142857,76.0
1124,242634,45248,1.621761658031088,3.810880829015544,133.23834196891193,1100.0
1125,1171,32044,1.4,3.5,43.6,5.0
1126,1792,33792,1.4666666666666666,3.1,18.2,17.0
1127,2185,32995,1.2,3.45,20.7,15.0
1128,160530,81336,1.9649122807017545,3.905701754385965,538.4473684210526,5800.0
1129,8013,35700,1.5833333333333333,3.125,13.833333333333336,28.0
1130,1337,45709,1.8,4.1,46.46666666666667,63.0
1131,15325,45885,1.9411764705882355,4.147058823529412,106.29411764705885,70.0
1132,21911,32250,1.627906976744186,3.6007751937984502,94.11627906976744,375.0
1133,1434,41083,1.9090909090909087,3.772727272727273,19.272727272727273,31.0
1134,1016,51829,1.8571428571428568,3.678571428571429,36.0,31.0
1135,1105,42116,1.7647058823529411,3.941176470588236,69.23529411764707,69.0
1136,15002,47187,1.7777777777777777,4.111111111111111,78.3888888888889,41.0
1137,1190,54081,1.8333333333333333,4.25,29.33333333333333,19.0
1138,401,45232,2.055555555555556,4.111111111111111,62.38888888888889,45.0
1139,3348,51248,2.0,4.222222222222221,54.38888888888889,73.0
1140,2092,52279,1.6666666666666667,4.0,26.90909090909091,107.0
1141,93884,37846,1.5930232558139534,3.5232558139534884,56.15116279069768,295.0
1142,219190,40028,1.702439024390244,3.6463414634146334,94.78048780487805,687.0
1143,32986,39426,1.7419354838709675,4.0,124.58064516129032,104.0
1144,7219,37554,1.5625,4.0,152.0,64.0
1145,618,40606,1.5517241379310345,3.9827586206896552,69.65517241379311,118.0
1146,4222,45101,1.7368421052631582,4.0,143.3684210526316,52.0
1147,10185,46896,1.5978835978835981,3.537037037037037,137.28571428571428,569.0
1148,1493,37142,1.6363636363636365,3.878787878787879,95.0,86.0
1149,2591,36553,1.9,3.95,32.1,28.0
1150,1294,40377,1.7333333333333334,3.9166666666666665,48.0,101.0
1151,411,38750,1.4285714285714286,3.4285714285714284,8.428571428571429,12.0
1152,5979,41854,1.4680851063829787,3.8191489361702127,30.851063829787236,169.0
1153,930,38957,1.1666666666666667,3.4166666666666665,3.8333333333333335,10.0
1154,1047,52153,1.6428571428571428,3.7857142857142856,15.928571428571427,31.0
1155,5250,36749,1.740566037735849,3.8797169811320753,121.92452830188678,895.0
1156,862,37463,1.4666666666666666,3.633333333333333,14.633333333333333,90.0
1157,716,49977,1.7333333333333334,3.933333333333333,43.4,20.0
1158,1951,48797,1.7058823529411764,3.941176470588236,28.588235294117645,46.0
1159,1483,44584,1.5555555555555556,3.7222222222222223,12.555555555555555,19.0
1160,1082,35826,1.6236559139784943,4.053763440860215,19.301075268817204,355.0
1161,537,36369,1.55,3.933333333333333,18.116666666666667,223.0
1162,818,41714,1.5,3.65,12.0,15.0
1163,449,38889,1.2,3.5,5.1,16.0
1164,695,40637,1.6666666666666667,3.7666666666666666,33.73333333333333,70.0
1165,1105,43801,1.6511627906976745,3.674418604651162,47.0,166.0
1166,728,37422,1.3333333333333333,3.1666666666666665,9.333333333333334,5.0
1167,4746,44723,1.5,3.78125,13.625,27.0
1168,717,43359,1.6,4.1,40.2,9.0
1169,1259,38365,1.4,2.8,5.6,17.0
1170,3211,38799,1.4375,3.5,25.97916666666667,133.0
1171,403,40794,1.3846153846153846,3.5192307692307687,21.615384615384613,84.0
1172,1880,40883,1.5161290322580645,3.419354838709677,20.06451612903226,78.0
1173,1713,41674,1.4285714285714286,3.8571428571428568,55.07142857142857,24.0
1174,4006,40951,1.5121951219512195,3.4390243902439024,31.731707317073173,231.0
1175,7678,36839,1.7142857142857142,3.5,39.285714285714285,31.0
1176,759,41025,1.75,3.875,5.0,5.0
1177,221,41312,1.4285714285714286,3.5,7.7142857142857135,14.0
1178,229,45830,1.5230769230769232,3.7384615384615385,98.6,222.0
1179,367,41329,1.4242424242424243,3.4015151515151514,31.87878787878788,176.0
1180,986,40515,1.4545454545454546,3.636363636363636,14.909090909090908,12.0
1181,1895,34448,1.4,3.35,11.4,11.0
1182,7897,35419,1.5714285714285714,3.928571428571429,32.07142857142857,37.0
1183,3321,42944,1.375,3.9375,11.125,12.0
1184,477,41456,2.0,3.7142857142857135,46.35714285714285,22.0
1185,274,46364,1.565891472868217,3.476744186046512,46.56589147286822,409.0
1186,68866,42914,1.375,3.40625,34.025,234.0
1187,42959,42235,1.7407407407407407,3.814814814814815,31.222222222222218,116.0
1188,298,39220,1.75,4.25,25.41666666666667,38.0
1189,8034,39794,1.5625,3.8125,24.875,33.0
1190,2658,33641,1.5833333333333333,3.2916666666666665,6.333333333333332,13.0
1191,100164,40171,1.5448275862068963,3.4137931034482767,50.020689655172404,464.0
1192,958,43012,1.9090909090909087,3.9090909090909087,32.36363636363637,13.0
1193,51567,43802,1.6935483870967742,3.5,40.2258064516129,223.0
1194,5896,41358,1.6923076923076923,4.0,33.69230769230769,47.0
1195,2848,43908,1.5,3.4,13.4,13.0
1196,2047,42461,1.3076923076923077,3.692307692307693,21.23076923076923,17.0
1197,48180,45449,1.7555555555555555,3.7888888888888888,53.488888888888894,172.0
1198,77432,42596,1.4867256637168142,3.3893805309734515,47.98230088495576,356.0
1199,72549,62113,1.6650717703349285,3.5430622009569377,55.60765550239235,771.0
1200,4517,40612,1.375,3.375,13.5,9.0
1201,10567,36355,1.6470588235294117,3.7058823529411766,28.235294117647058,34.0
1202,10608,39004,1.8,4.0,42.8,64.0
1203,32627,43040,1.34375,3.65625,28.78125,76.0
1204,10437,39883,1.6363636363636365,3.8181818181818175,34.81818181818182,42.0
1205,592025,42118,1.8497409326424867,3.961139896373057,175.79792746113992,1500.0
1206,1392,29049,1.0,2.75,2.0,5.0
1207,30955,30670,1.0,2.9090909090909087,4.363636363636363,19.0
1208,938,28756,1.0833333333333333,3.5,5.833333333333332,17.0
1209,1511,32521,1.2222222222222223,4.333333333333333,4.5555555555555545,13.0
1210,448,28882,1.431818181818182,3.34375,27.431818181818183,635.0
1211,32473,49426,1.5666666666666669,3.583333333333333,72.3,81.0
1212,17849,53543,1.7333333333333334,4.033333333333333,58.66666666666666,61.0
