State,City,Pop,PCI,price,rating,review,Price perc
ak,bristol bay borough,877,116340,2.0,4.75,4.0,0.2
ak,sitka city and borough,8647,66157,2.0,3.8125,12.5,0.6153846153846154
ak,matanuska-susitna borough,107610,45608,1.625,4.1875,44.0,0.36363636363636365
ak,kenai peninsula borough,58533,50466,1.7142857142857142,4.357142857142857,6.428571428571429,0.2413793103448276
ak,juneau city and borough,32113,62774,1.9166666666666667,3.0833333333333335,20.5,0.5454545454545454
ak,haines borough,2474,53013,2.0,4.5,5.0,0.3333333333333333
ak,anchorage municipality,291538,61425,1.9,3.2666666666666666,31.433333333333334,0.2777777777777778
al,tuscaloosa,101113,35365,2.0,3.4722222222222223,20.666666666666668,0.4090909090909091
al,talladega,15291,30917,1.5,3.0,3.6666666666666665,0.6666666666666666
al,butler,1739,32862,2.0,4.03125,11.0625,0.3018867924528302
al,mobile,189572,34661,1.829268292682927,3.158536585365854,18.585365853658537,0.29927007299270075
al,cherokee,1004,31688,1.76,3.3,8.8,0.2631578947368421
al,clay,9646,29443,1.8823529411764706,3.235294117647059,13.470588235294118,0.4358974358974359
al,montgomery,198218,39060,1.8461538461538463,3.076923076923077,18.384615384615383,0.26262626262626265
al,elmore,1441,36665,1.8181818181818181,3.090909090909091,9.636363636363637,0.6875
al,fayette,4327,30747,2.0,4.75,12.5,0.2857142857142857
al,cullman,15858,35144,1.875,3.0,10.125,0.6666666666666666
al,geneva,4335,30997,1.8666666666666667,3.5,11.733333333333333,0.36585365853658536
al,jackson,4742,32986,1.7857142857142858,3.5357142857142856,8.714285714285714,0.4375
al,madison,50440,45274,1.8620689655172413,3.2586206896551726,12.206896551724139,0.35802469135802467
al,marion,3252,29422,1.875,2.6875,7.0,0.6666666666666666
al,franklin,126,30044,1.7924528301886793,3.0849056603773586,13.660377358490566,0.26108374384236455
ar,lonoke,4262,35564,1.8333333333333333,3.5833333333333335,8.833333333333334,0.75
ar,washington,167,35135,1.7777777777777777,3.5277777777777777,15.277777777777779,0.32142857142857145
ar,van buren,23691,29374,1.625,3.5625,19.625,0.7272727272727273
ar,searcy,23768,26785,1.8,3.1,5.4,0.8333333333333334
ar,st. francis,233,25498,2.0,4.2,10.0,0.5
ar,perry,274,31447,1.793103448275862,3.189655172413793,17.689655172413794,0.38666666666666666
ar,madison,696,32411,1.5384615384615385,2.923076923076923,12.538461538461538,0.9285714285714286
ar,lincoln,2474,24404,1.8,3.7666666666666666,18.133333333333333,0.23076923076923078
ar,marion,12364,27465,1.5909090909090908,3.0681818181818183,22.636363636363637,0.2682926829268293
ar,garland,239,35645,1.7916666666666667,3.3229166666666665,21.5625,0.2191780821917808
ar,benton,36403,74292,1.8,3.35,14.3,0.5263157894736842
ar,bradley,528,34423,1.7735849056603774,2.9339622641509435,19.58490566037736,0.2804232804232804
ar,conway,66426,36965,1.8666666666666667,3.3333333333333335,10.333333333333334,0.6818181818181818
ar,johnson,3736,27625,1.8461538461538463,3.1153846153846154,11.846153846153847,0.65
ar,franklin,191,31801,1.4545454545454546,3.909090909090909,3.909090909090909,0.4074074074074074
ar,fulton,194,26383,1.6,3.8,10.8,1.0
az,pima,2512,38031,2.0,2.8333333333333335,10.5,0.5454545454545454
az,maricopa,50024,41197,1.8551724137931034,3.1241379310344826,62.641379310344824,0.24046434494195687
ca,tulare,64475,37121,1.7777777777777777,3.25,56.5,0.5142857142857142
ca,san diego,1425976,52214,1.8846153846153846,3.2884615384615383,146.6076923076923,0.17735334242837653
ca,sonoma,11248,51565,2.0,3.857142857142857,116.71428571428571,0.18421052631578946
ca,santa cruz,64725,56549,1.8214285714285714,3.0892857142857144,107.57142857142857,0.30434782608695654
ca,santa clara,129488,79055,1.8571428571428572,2.888888888888889,85.04761904761905,0.3387096774193548
ca,santa barbara,91350,53758,1.96,3.5,147.08,0.22123893805309736
ca,san mateo,105025,93765,1.8709677419354838,3.0483870967741935,93.38709677419355,0.3974358974358974
ca,san luis obispo,47446,48532,1.9375,3.90625,196.375,0.3076923076923077
ca,san joaquin,4032,37643,1.7017543859649122,3.026315789473684,39.78947368421053,0.2780487804878049
ca,san francisco,883305,99990,1.7674418604651163,3.135658914728682,116.35658914728683,0.20673076923076922
ca,ventura,111128,53031,1.696969696969697,2.742424242424242,103.72727272727273,0.39759036144578314
ca,tehama,421,36005,1.8823529411764706,3.6176470588235294,59.588235294117645,0.3090909090909091
ca,sacramento,508529,45187,1.7721518987341771,3.018987341772152,80.0379746835443,0.29924242424242425
ca,riverside,330063,34753,1.7207207207207207,2.6666666666666665,54.531531531531535,0.2928759894459103
ca,alameda,78338,59085,1.606060606060606,3.0606060606060606,87.96969696969697,0.34375
ca,san bernardino,215941,34320,1.6333333333333333,2.9833333333333334,53.13333333333333,0.24
ca,fresno,530093,37434,1.8888888888888888,3.0694444444444446,58.0,0.2903225806451613
ca,imperial,17695,32890,1.2222222222222223,2.2222222222222223,10.777777777777779,0.75
ca,los angeles,3990456,52233,1.8174603174603174,3.4007936507936507,144.37301587301587,0.07411764705882352
ca,colusa,5911,41877,1.3333333333333333,3.5555555555555554,40.888888888888886,0.75
ca,merced,83316,35361,1.6875,2.59375,37.125,0.7619047619047619
ca,monterey,28289,47557,1.803921568627451,3.235294117647059,124.82352941176471,0.265625
ca,napa,79263,59563,1.9230769230769231,3.6923076923076925,112.84615384615384,0.11016949152542373
ca,orange,139484,57165,1.803030303030303,3.022727272727273,183.9848484848485,0.30697674418604654
ca,madera,65706,35754,1.9090909090909092,3.0606060606060606,71.27272727272727,0.2796610169491525
co,montezuma,68,39527,1.8,3.533333333333333,30.466666666666665,0.2
co,sedgwick,140,54366,1.6,4.033333333333333,12.333333333333334,0.25862068965517243
co,saguache,504,27918,1.72,4.06,24.6,0.21551724137931033
co,pueblo,111750,33932,1.8125,3.0,23.6875,0.42105263157894735
co,pitkin,72,126611,2.0,4.136363636363637,34.45454545454545,0.28205128205128205
co,ouray,1010,51437,2.0,4.214285714285714,28.285714285714285,0.56
co,montrose,19512,34155,1.7777777777777777,3.3333333333333335,24.666666666666668,0.6428571428571429
co,moffat,120,40342,1.64,3.84,19.96,0.22727272727272727
co,yuma,3460,52760,1.8461538461538463,3.6923076923076925,11.461538461538462,0.5416666666666666
co,kit carson,238,35048,1.7272727272727273,3.4545454545454546,11.636363636363637,0.7333333333333333
co,kiowa,757,52054,1.8818897637795275,3.251968503937008,47.45669291338583,0.1848617176128093
co,gunnison,6594,40429,1.9,3.45,17.1,0.5882352941176471
co,eagle,6961,60847,1.9,3.8,25.5,0.16129032258064516
co,dolores,958,33107,1.588235294117647,3.735294117647059,25.176470588235293,0.6538461538461539
co,denver,716492,68046,1.8661417322834646,3.0393700787401574,50.70866141732284,0.25502008032128515
co,delta,8920,33209,1.6666666666666667,2.1666666666666665,7.333333333333333,0.5
co,crowley,167,18464,1.6,3.1,8.6,0.9090909090909091
co,alamosa,9997,32221,1.8,3.5,19.3,0.8333333333333334
co,las animas,2190,37013,1.5,3.3125,9.9375,0.5161290322580645
ct,windham,24706,41381,1.8,3.1,17.2,0.5555555555555556
ct,tolland,14655,50980,1.8518518518518519,2.9166666666666665,25.962962962962962,0.3016759776536313
ct,litchfield,8127,56884,2.0,2.0,6.0,0.4
ct,new haven,130418,50286,1.75,2.7083333333333335,36.416666666666664,0.42857142857142855
ct,new london,26939,51200,1.75,3.0625,27.5625,0.5333333333333333
ct,hartford,122587,57564,1.875,3.0,40.0625,0.45714285714285713
ct,fairfield,61952,102612,1.8888888888888888,2.9444444444444446,29.0,0.75
de,new castle,5529,49300,2.0,3.3333333333333335,34.4,0.3488372093023256
fl,sarasota,57738,54984,1.8958333333333333,3.40625,21.479166666666668,0.2222222222222222
fl,seminole,18866,41339,1.625,3.675,18.325,0.3076923076923077
fl,palm beach,8802,66126,1.8181818181818181,3.0454545454545454,54.86363636363637,0.25287356321839083
fl,madison,2797,28449,1.6,2.7,8.2,0.8333333333333334
fl,lee,328,44543,1.6,2.7,8.2,0.8333333333333334
fl,alachua,9949,38638,1.5,2.0,10.5,0.4
fl,okeechobee,5731,28601,1.6666666666666667,2.6666666666666665,4.555555555555555,0.5625
ga,jefferson,11704,28456,1.8571428571428572,3.25,12.142857142857142,0.5185185185185185
ga,lumpkin,1197,31917,1.5714285714285714,2.7142857142857144,8.714285714285714,0.4375
ga,madison,4155,31698,1.8571428571428572,3.357142857142857,5.857142857142857,0.7
ga,mitchell,193,29523,1.5,3.0833333333333335,5.333333333333333,0.6
ga,monroe,13573,39206,1.8604651162790697,2.872093023255814,16.372093023255815,0.27044025157232704
ga,morgan,1846,41424,1.7727272727272727,3.227272727272727,11.045454545454545,0.24175824175824176
ga,oglethorpe,1159,34291,1.6222222222222222,3.1444444444444444,14.2,0.23684210526315788
ga,pulaski,269,25958,1.7692307692307692,3.4615384615384617,12.384615384615385,0.40625
ga,quitman,3703,26489,1.894736842105263,3.736842105263158,26.36842105263158,0.2835820895522388
ga,screven,761,29505,1.6,2.1,3.8,0.45454545454545453
ga,washington,4001,31659,1.2857142857142858,3.0714285714285716,4.571428571428571,0.7777777777777778
ga,white,722,30534,1.7142857142857142,3.2142857142857144,12.071428571428571,0.4375
ga,macon,153095,28018,1.9444444444444444,3.3333333333333335,25.72222222222222,0.28125
ga,oconee,244,55452,1.7333333333333334,3.7666666666666666,22.733333333333334,0.22058823529411764
ga,jasper,3941,32539,1.9210526315789473,3.299342105263158,28.519736842105264,0.1702127659574468
ga,newton,579,29625,1.7407407407407407,2.925925925925926,11.296296296296296,0.226890756302521
ga,haralson,193,31520,1.8048780487804879,2.8902439024390243,20.48780487804878,0.2546583850931677
ga,gordon,1882,30915,1.8181818181818181,3.272727272727273,16.696969696969695,0.3473684210526316
ga,franklin,924,32534,1.7674418604651163,2.9302325581395348,35.31782945736434,0.21009771986970685
ga,forsyth,4117,54651,1.7777777777777777,3.2222222222222223,10.333333333333334,0.9
ga,douglas,11616,31349,1.6666666666666667,2.5,3.3333333333333335,0.8571428571428571
ga,decatur,25732,31946,2.0,3.1,44.6,0.5555555555555556
ga,dawson,4102,37402,1.7419354838709677,2.9838709677419355,11.96774193548387,0.23846153846153847
ga,crawford,832,29600,1.8571428571428572,3.5714285714285716,28.785714285714285,0.28
ga,colquitt,1824,27507,1.5555555555555556,2.6666666666666665,6.111111111111111,0.5625
ga,cobb,346,48253,1.8333333333333333,3.5,16.833333333333332,0.24489795918367346
ga,clayton,2183,25550,1.8,3.0,7.8,0.7142857142857143
ga,calhoun,16966,21655,1.7,3.35,9.1,0.5263157894736842
ga,brooks,555,31146,1.7058823529411764,3.1470588235294117,15.764705882352942,0.68
ga,bartow,256,33267,1.7777777777777777,2.8425925925925926,13.25925925925926,0.3
ga,baldwin,3384,29192,2.0,2.6666666666666665,9.0,0.6
ga,jackson,5083,34627,1.9285714285714286,3.392857142857143,13.071428571428571,0.45161290322580644
hi,honolulu,347397,50988,1.8928571428571428,3.267857142857143,174.35714285714286,0.14507772020725387
ia,boone,12470,45036,2.0,3.625,7.5,0.8
ia,hamilton,133,50618,1.8571428571428572,3.357142857142857,6.285714285714286,0.4117647058823529
ia,greene,1068,48116,1.6,4.1,11.0,0.38461538461538464
ia,fremont,718,43944,1.9,2.65,5.6,0.5882352941176471
ia,franklin,134,50235,1.8,3.1,8.4,0.7142857142857143
ia,floyd,318,41127,1.6,3.5,5.2,0.625
ia,benton,41,47565,1.6666666666666667,4.333333333333333,1.3333333333333333,0.5
ia,hancock,195,50657,1.6,3.2666666666666666,8.133333333333333,0.6818181818181818
ia,fayette,1374,39680,1.88,3.88,8.96,0.27472527472527475
ia,des moines,216853,46007,1.8222222222222222,3.2,22.622222222222224,0.3409090909090909
ia,delaware,151,44837,1.7142857142857142,3.0,5.285714285714286,0.7777777777777778
ia,clinton,25184,39659,1.8,2.6,4.4,0.5
ia,clayton,39,44107,1.7142857142857142,3.7142857142857144,6.142857142857143,0.25925925925925924
ia,cherokee,4900,55347,1.8,3.3,4.4,0.35714285714285715
ia,carroll,9812,49617,2.0,3.6666666666666665,4.333333333333333,0.42857142857142855
ia,dubuque,57941,42870,1.7647058823529411,3.7058823529411766,16.058823529411764,0.5483870967741935
ia,humboldt,4589,45629,2.0,3.3,7.0,0.6666666666666666
ia,muscatine,23817,42450,1.8333333333333333,3.0833333333333335,7.333333333333333,0.75
ia,keokuk,10274,42783,1.8333333333333333,2.9166666666666665,6.333333333333333,1.0
ia,audubon,1912,46872,1.7333333333333334,3.933333333333333,8.0,0.29411764705882354
ia,webster,71,42161,2.0,3.125,8.25,0.6666666666666666
ia,washington,7309,51235,1.6,3.9,2.4,0.7142857142857143
ia,wapello,2026,34477,1.7777777777777777,3.3333333333333335,16.044444444444444,0.2647058823529412
ia,union,382,37907,1.6666666666666667,2.611111111111111,9.333333333333334,0.6
ia,tama,2745,40729,1.8461538461538463,3.3653846153846154,11.076923076923077,0.26262626262626265
ia,shelby,616,50283,1.4285714285714286,3.4285714285714284,8.571428571428571,0.7
ia,jefferson,4148,37397,2.0,3.6,15.8,0.625
ia,pocahontas,1663,51035,1.7692307692307692,4.115384615384615,4.230769230769231,0.3023255813953488
ia,osceola,5193,57030,1.5714285714285714,3.642857142857143,11.428571428571429,0.7
ia,monroe,1874,38175,2.0,3.0,8.25,0.5
ia,monona,1477,43238,1.826086956521739,3.5434782608695654,7.260869565217392,0.21495327102803738
ia,mitchell,131,57565,1.8333333333333333,3.7777777777777777,9.944444444444445,0.2608695652173913
ia,marshall,27068,38463,1.8507462686567164,3.246268656716418,17.895522388059703,0.2791666666666667
ia,marion,39979,40851,1.9411764705882353,2.9411764705882355,14.941176470588236,1.0
ia,lucas,209,37890,1.625,3.8125,10.5,0.5333333333333333
ia,plymouth,363,52006,1.9230769230769231,3.6153846153846154,9.692307692307692,0.4642857142857143
ia,adair,704,45386,1.6470588235294117,3.9705882352941178,8.705882352941176,0.23943661971830985
id,boise,228790,36229,1.6896551724137931,3.293103448275862,54.6551724137931,0.3411764705882353
id,twin falls,49764,35300,1.8666666666666667,3.466666666666667,32.733333333333334,0.7142857142857143
id,jerome,11807,37126,1.6,3.5,16.2,0.8333333333333334
id,payette,7527,35582,1.5833333333333333,3.125,17.083333333333332,0.6666666666666666
id,gooding,3473,58373,1.7857142857142858,4.178571428571429,26.428571428571427,0.2857142857142857
id,franklin,828,32130,1.6363636363636365,3.8181818181818183,13.636363636363637,0.4074074074074074
id,shoshone,1511,33851,1.8235294117647058,4.147058823529412,26.705882352941178,0.3148148148148148
id,teton,733,31214,1.75,3.75,13.375,0.47058823529411764
id,kootenai,922,38416,1.625,3.125,23.375,0.8
id,minidoka,113,35533,1.6,3.5,16.2,0.625
il,scott,1235,37014,1.5714285714285714,2.9285714285714284,7.142857142857143,0.5384615384615384
il,franklin,2473,34652,1.8461538461538463,3.5,15.923076923076923,0.37142857142857144
il,union,677,37679,1.8888888888888888,3.2777777777777777,16.5,0.26865671641791045
il,montgomery,637,33349,1.8571428571428572,3.142857142857143,16.142857142857142,0.6363636363636364
il,morgan,345,36602,1.6785714285714286,2.9464285714285716,9.464285714285714,0.35443037974683544
il,lake,941,68199,1.972972972972973,3.4763513513513513,56.66216216216216,0.1774580335731415
il,wabash,2152,41797,1.8518518518518519,3.5925925925925926,8.962962962962964,0.23893805309734514
il,champaign,88029,42659,2.0,3.6176470588235294,28.294117647058822,0.3695652173913043
il,clinton,6927,42048,1.625,3.53125,14.1875,0.48484848484848486
il,dekalb,42611,35809,1.8571428571428572,3.5,12.142857142857142,0.7777777777777778
il,effingham,12627,43646,1.6923076923076923,3.5384615384615383,15.76923076923077,0.7222222222222222
il,fulton,3346,33854,2.0,2.125,4.75,0.4444444444444444
il,hamilton,2740,41048,1.8333333333333333,2.9166666666666665,6.333333333333333,1.0
il,henry,2232,42246,1.7209302325581395,3.1627906976744184,18.930232558139537,0.31386861313868614
il,johnson,644,30786,1.8,3.5,16.466666666666665,0.2459016393442623
il,kankakee,26052,36138,1.7777777777777777,2.388888888888889,15.88888888888889,0.75
il,mchenry,27022,48027,1.8181818181818181,3.2142857142857144,27.48051948051948,0.3155737704918033
il,macon,1120,44811,1.5714285714285714,3.857142857142857,9.571428571428571,0.4666666666666667
il,madison,3794,40943,1.8205128205128205,3.1794871794871793,54.87179487179487,0.2765957446808511
il,douglas,157,45461,1.8181818181818181,3.409090909090909,82.63636363636364,0.3333333333333333
il,marshall,3843,42080,1.8666666666666667,3.6,20.6,0.4166666666666667
il,mason,335,38936,1.6666666666666667,3.533333333333333,14.266666666666667,0.6
il,peoria,111388,46148,1.9411764705882353,3.4705882352941178,25.764705882352942,0.40476190476190477
il,rock island,37678,39842,2.0,3.6333333333333333,29.533333333333335,0.40540540540540543
il,washington,16704,46128,1.6666666666666667,3.25,11.0,0.8571428571428571
il,boone,1934,40608,1.811965811965812,3.1880341880341883,29.88888888888889,0.3023255813953488
il,lee,308,37889,1.8461538461538463,3.5384615384615383,12.384615384615385,0.4482758620689655
il,bureau,233,39270,1.8,3.2333333333333334,24.333333333333332,0.5555555555555556
il,brown,2054,29522,1.5,4.0,1.0,0.3333333333333333
il,lasalle,9064,39378,1.8333333333333333,2.9583333333333335,28.083333333333332,0.6666666666666666
il,marion,17620,38112,1.6153846153846154,3.1538461538461537,15.538461538461538,0.9285714285714286
il,wayne,66483,40354,1.9696969696969697,3.242424242424242,47.36363636363637,0.3707865168539326
il,winnebago,5098,38275,1.3333333333333333,2.8333333333333335,30.666666666666668,0.375
il,richland,363,39787,1.4285714285714286,3.142857142857143,4.142857142857143,0.5833333333333334
il,adams,1567,40921,1.7586206896551724,3.189655172413793,8.551724137931034,0.38666666666666666
il,knox,4794,36417,1.7555555555555555,3.1333333333333333,15.866666666666667,0.35714285714285715
il,de witt,461,48628,1.7777777777777777,3.7777777777777777,17.166666666666668,0.36
il,kendall,8946,43074,1.7941176470588236,3.1029411764705883,19.823529411764707,0.24113475177304963
il,warren,1479,36696,1.8727272727272728,3.790909090909091,19.21818181818182,0.2631578947368421
il,bond,619,32859,1.8,3.7333333333333334,9.133333333333333,0.5172413793103449
il,jersey,9823,36597,1.7565217391304349,3.0434782608695654,30.782608695652176,0.28117359413202936
il,hancock,239,42145,1.8275862068965518,2.9482758620689653,8.931034482758621,0.3670886075949367
il,kane,926,44432,1.7272727272727273,3.727272727272727,24.363636363636363,0.55
il,cass,601,38103,1.6774193548387097,3.096774193548387,11.903225806451612,0.37349397590361444
il,pope,214,26405,1.6666666666666667,3.4444444444444446,13.333333333333334,0.23225806451612904
il,jackson,1203,33046,1.5853658536585367,2.9878048780487805,13.853658536585366,0.31297709923664124
il,edgar,449,37073,1.6904761904761905,3.130952380952381,14.761904761904763,0.27631578947368424
il,iroquois,581,40167,1.75,2.9375,10.458333333333334,0.24
il,lawrence,6355,32979,1.7307692307692308,3.269230769230769,6.769230769230769,0.325
il,henderson,1088,39188,1.6,3.3,11.2,0.7142857142857143
il,pike,225,39140,1.6875,3.96875,10.25,0.24615384615384617
il,will,1805,45465,1.8911564625850341,3.1904761904761907,43.82312925170068,0.166289592760181
il,fayette,255,31527,1.7241379310344827,3.4310344827586206,9.724137931034482,0.29591836734693877
il,jasper,1722,42512,1.7142857142857142,3.4642857142857144,13.428571428571429,0.2616822429906542
il,carroll,578,40981,1.7884615384615385,3.5288461538461537,14.634615384615385,0.2549019607843137
il,jefferson,255,35726,1.7407407407407407,3.1481481481481484,15.407407407407407,0.26732673267326734
il,perry,574,34612,1.5,3.375,4.25,0.5714285714285714
il,hardin,204,34034,1.7777777777777777,3.1666666666666665,29.623931623931625,0.28398058252427183
il,st. clair,35047,39740,1.8095238095238095,2.9857142857142858,28.895238095238096,0.25735294117647056
il,logan,3104,35205,1.8541666666666667,3.4583333333333335,18.6875,0.2774566473988439
il,monroe,1485,50446,1.8018867924528301,3.0,29.443396226415093,0.2560386473429952
il,mercer,3872,40702,1.7142857142857142,3.25,15.880952380952381,0.2625
il,greene,1543,34501,1.84,3.2333333333333334,21.08,0.27472527472527475
il,saline,6278,36996,1.375,2.5,5.75,0.5
il,randolph,4447,32226,1.8852459016393444,3.139344262295082,35.34426229508197,0.24015748031496062
il,sangamon,2333,43441,1.7575757575757576,3.727272727272727,19.90909090909091,0.3055555555555556
in,ripley,985,37430,1.8275862068965518,3.074712643678161,19.71264367816092,0.30103806228373703
in,vigo,3964,34509,1.9444444444444444,3.2777777777777777,20.0,0.2571428571428571
in,scott,1721,33426,1.7333333333333334,3.5,11.733333333333333,0.625
in,allen,670,40471,1.7755102040816326,3.173469387755102,12.693877551020408,0.28160919540229884
in,randolph,4170,35269,1.7037037037037037,3.037037037037037,12.407407407407407,0.26865671641791045
in,clark,2715,40151,1.8255813953488371,3.255813953488372,20.627906976744185,0.25219941348973607
in,hendricks,1276,42937,1.8608695652173912,3.034782608695652,20.582608695652173,0.2744630071599045
in,steuben,2859,36506,1.7857142857142858,3.357142857142857,12.785714285714286,0.3684210526315789
in,vermillion,877,35532,1.8297872340425532,3.297872340425532,15.25531914893617,0.2865853658536585
in,fayette,2600,35734,1.9375,3.3125,15.75,0.2909090909090909
in,gibson,1168,40959,1.7647058823529411,3.3529411764705883,9.352941176470589,0.2463768115942029
in,floyd,4051,47171,1.8596491228070176,3.254385964912281,27.526315789473685,0.2579185520361991
in,shelby,1129,39033,1.6666666666666667,2.6666666666666665,6.0,0.6
in,pike,875,36602,1.5714285714285714,3.0,8.0,0.7777777777777778
in,greene,968,34568,1.7,3.3,9.95,0.2857142857142857
in,washington,12149,33987,1.6666666666666667,3.1666666666666665,5.0,0.6
in,warren,1209,42455,2.0,2.0,7.5,0.3333333333333333
in,wabash,10054,38314,1.8333333333333333,3.0952380952380953,11.904761904761905,0.2441860465116279
in,tipton,5104,40206,1.5,2.75,6.75,0.4
in,sullivan,4097,31374,1.7407407407407407,3.3518518518518516,10.333333333333334,0.28421052631578947
in,spencer,2248,39496,1.8333333333333333,3.1666666666666665,15.333333333333334,0.6666666666666666
in,porter,4825,45101,2.0,3.2142857142857144,15.857142857142858,0.7777777777777778
in,morgan,976,39004,1.828125,2.95703125,22.671875,0.28699551569506726
in,montgomery,347,37697,1.6,2.8,4.2,0.7142857142857143
in,monroe,879,35012,1.8666666666666667,3.8333333333333335,7.466666666666667,0.46875
in,marshall,319,36406,1.9230769230769231,3.5,11.384615384615385,0.3939393939393939
in,marion,28047,46320,2.0,2.75,15.0,0.3333333333333333
in,madison,11879,33764,1.875,3.75,12.25,0.5
in,lawrence,49046,34913,1.9534883720930232,3.1627906976744184,43.97674418604651,0.32575757575757575
in,knox,3535,41101,1.5833333333333333,2.7083333333333335,7.5,0.6
in,jasper,15568,40597,1.8571428571428572,3.0714285714285716,9.571428571428571,0.7777777777777778
in,huntington,17019,37086,2.0,3.5,3.0,0.4
in,hamilton,1580,64213,1.75,3.28125,12.25,0.48484848484848486
in,fulton,318,36386,1.7777777777777777,3.0,6.222222222222222,0.5294117647058824
in,franklin,25248,40595,1.75,3.5,6.25,0.5714285714285714
in,elkhart,52367,38511,1.8125,3.1875,11.4375,0.43243243243243246
in,decatur,9843,38304,1.8372093023255813,3.1627906976744184,10.511627906976743,0.26875
in,clinton,4717,34936,2.0,3.8,22.066666666666666,0.375
in,wayne,952,36972,1.8202247191011236,3.067415730337079,14.123595505617978,0.29180327868852457
in,jefferson,1131,37002,1.875,3.65625,14.25,0.23529411764705882
in,lagrange,2748,34987,1.6363636363636365,3.0454545454545454,12.363636363636363,0.6470588235294118
in,adams,34460,35449,1.7560975609756098,3.097560975609756,10.390243902439025,0.2546583850931677
in,union,962,34404,1.75,2.90625,9.125,0.6956521739130435
in,newton,794,36608,1.721311475409836,2.942622950819672,16.081967213114755,0.25523012552301255
in,howard,2558,36841,1.8493150684931507,2.993150684931507,16.89041095890411,0.27238805970149255
in,brown,2647,40633,1.903225806451613,2.7580645161290325,62.32258064516129,0.31958762886597936
in,henry,2934,33164,1.9411764705882353,3.411764705882353,22.88235294117647,0.34
in,orange,700,31901,1.75,2.75,4.75,0.6666666666666666
in,delaware,3475,32666,1.5,3.25,4.5,0.4
in,jennings,1416,34177,1.8571428571428572,3.4285714285714284,11.238095238095237,0.24561403508771928
in,johnson,499,42691,1.625,3.5,7.625,0.6666666666666666
in,posey,3931,45646,1.7142857142857142,3.5892857142857144,12.821428571428571,0.27184466019417475
in,cass,338,34954,1.7857142857142858,3.1607142857142856,13.571428571428571,0.23728813559322035
in,owen,1095,33173,1.9166666666666667,3.1666666666666665,14.25,0.5217391304347826
in,benton,3128,39432,2.0,3.46875,12.25,0.37209302325581395
in,miami,1273,31354,1.8625954198473282,3.2480916030534353,54.11450381679389,0.14669652855543114
in,jackson,532,38888,1.819672131147541,3.418032786885246,18.311475409836067,0.23921568627450981
in,noble,1915,34625,1.8307692307692307,3.207692307692308,13.646153846153846,0.2754237288135593
in,lake,2433,38485,2.0,2.6666666666666665,20.333333333333332,0.75
in,perry,30956,33711,1.8055555555555556,3.2222222222222223,11.472222222222221,0.2608695652173913
in,clay,3540,33864,1.5555555555555556,2.6444444444444444,99.28888888888889,0.3488372093023256
in,harrison,4132,37177,1.875,3.0,21.5,0.5925925925925926
in,st. joseph,75633,41274,1.763157894736842,3.0723684210526314,15.052631578947368,0.2611683848797251
in,ohio,1930,35220,1.9444444444444444,3.5833333333333335,26.11111111111111,0.6206896551724138
in,grant,1031,35592,1.8,3.2,6.1,0.2777777777777778
in,tippecanoe,2357,34210,1.8285714285714285,3.164285714285714,18.642857142857142,0.2777777777777778
in,boone,1446,62698,1.75,2.8879310344827585,23.603448275862068,0.2914572864321608
ks,lyon,523,33378,1.7407407407407407,2.925925925925926,11.962962962962964,0.2903225806451613
ks,elk,743,39799,1.8888888888888888,3.5555555555555554,6.222222222222222,0.18
ks,harvey,92,38197,1.8181818181818181,3.5454545454545454,13.386363636363637,0.28205128205128205
ks,sheridan,212,52677,1.6666666666666667,3.8055555555555554,12.61111111111111,0.6206896551724138
ks,neosho,263,35565,1.8333333333333333,3.5,7.166666666666667,0.1935483870967742
ks,pottawatomie,197,48438,1.9411764705882353,3.4558823529411766,13.088235294117647,0.35789473684210527
ks,crawford,590,33475,1.7142857142857142,3.5476190476190474,14.714285714285714,0.22105263157894736
ks,franklin,347,37003,1.8,3.6,8.4,0.5555555555555556
ks,clay,70,39251,1.7878787878787878,3.484848484848485,12.212121212121213,0.35106382978723405
ks,scott,2265,67443,1.6666666666666667,5.0,9.333333333333334,0.375
ks,pawnee,298,42814,1.6666666666666667,3.8333333333333335,5.75,0.24489795918367346
ks,grant,50,51243,1.9333333333333333,4.166666666666667,7.4,0.3191489361702128
ks,sherman,537,36625,1.7407407407407407,3.3518518518518516,12.851851851851851,0.21951219512195122
ks,comanche,438,38696,1.6666666666666667,3.8333333333333335,4.333333333333333,0.26666666666666666
ks,jefferson,614,38324,1.8888888888888888,3.154320987654321,28.77777777777778,0.25471698113207547
ks,thomas,54,39719,1.6111111111111112,3.388888888888889,17.22222222222222,0.5294117647058824
ks,douglas,108,37883,1.8823529411764706,3.5588235294117645,15.117647058823529,0.3119266055045872
ks,gove,153,53858,1.4,4.0,11.4,0.7142857142857143
ks,cheyenne,194,42686,1.7142857142857142,3.6785714285714284,17.071428571428573,0.3888888888888889
ks,wabaunsee,521,45431,1.793103448275862,3.603448275862069,14.758620689655173,0.26605504587155965
ks,smith,266,40583,1.6666666666666667,4.333333333333333,3.3333333333333335,0.23076923076923078
ks,morris,24,39588,1.9333333333333333,4.233333333333333,14.933333333333334,0.20833333333333334
ks,morton,439,38439,1.75,4.0625,5.5625,0.6956521739130435
ks,sumner,157,36574,1.75,3.3863636363636362,11.136363636363637,0.2875816993464052
ks,greenwood,464,40168,1.9285714285714286,3.5,6.214285714285714,0.30434782608695654
ks,johnson,63,63277,1.8888888888888888,3.6666666666666665,3.2222222222222223,0.75
ks,miami,545,41823,1.876543209876543,3.0185185185185186,27.493827160493826,0.25077399380804954
ks,clark,140,51097,1.8666666666666667,3.7333333333333334,7.8,0.5555555555555556
ks,stanton,182,55496,1.8295454545454546,3.0,28.15909090909091,0.24512534818941503
ks,reno,1506,36148,1.7714285714285714,3.1142857142857143,9.857142857142858,0.2734375
ks,haskell,1950,74156,1.9333333333333333,4.333333333333333,8.533333333333333,0.3
ks,graham,52,49814,1.75,3.96875,13.625,0.5
ks,mitchell,256,49249,1.7,3.3833333333333333,10.7,0.29411764705882354
ks,lincoln,188,36138,1.6666666666666667,4.333333333333333,13.333333333333334,0.6
ks,nemaha,153,50505,1.75,4.1875,6.9375,0.3076923076923077
ks,osage,242,36926,1.9565217391304348,3.4347826086956523,16.82608695652174,0.22772277227722773
ks,lane,226,79792,1.7142857142857142,3.2857142857142856,5.0,0.5
ks,labette,72,37052,2.0,2.1666666666666665,5.333333333333333,0.5
ks,kiowa,941,31897,1.6666666666666667,3.5,2.3333333333333335,0.3
ks,kingman,2906,41913,1.7857142857142858,3.642857142857143,8.428571428571429,0.25925925925925924
ks,allen,174,36328,1.8484848484848484,3.5,15.969696969696969,0.3173076923076923
ks,harper,1333,44958,1.7209302325581395,3.3488372093023258,10.0,0.3233082706766917
ks,leavenworth,36062,38217,1.8,3.6,12.6,0.5555555555555556
ks,hamilton,243,70366,1.8461538461538463,3.423076923076923,6.846153846153846,0.3023255813953488
ks,ford,217,32681,1.9230769230769231,3.3461538461538463,10.461538461538462,0.65
ks,ellsworth,2999,38612,1.8461538461538463,4.115384615384615,14.0,0.18055555555555555
ks,ellis,2029,47125,1.6470588235294117,3.4705882352941178,18.941176470588236,0.4473684210526316
ks,cherokee,709,32957,1.8,3.6,8.4,0.45454545454545453
ks,atchison,10560,33996,1.8666666666666667,4.066666666666666,13.533333333333333,0.38461538461538464
ks,chase,436,41188,2.0,2.75,3.0,0.4
ks,chautauqua,93,40592,1.8571428571428572,3.2142857142857144,11.571428571428571,0.5
ks,greeley,296,49392,1.7142857142857142,3.2857142857142856,5.0,0.5
ks,linn,385,32225,1.0,4.5,2.0,0.2
ks,jackson,451,36827,1.8235294117647058,3.6323529411764706,15.794117647058824,0.3333333333333333
ks,mcpherson,13077,47435,2.0,2.1666666666666665,6.666666666666667,0.3333333333333333
ks,logan,542,46771,1.6363636363636365,4.2272727272727275,3.3636363636363638,0.5789473684210527
ks,washington,1062,43948,1.8888888888888888,4.166666666666667,9.11111111111111,0.28125
ks,wichita,389255,83074,1.8333333333333333,3.6166666666666667,20.333333333333332,0.2857142857142857
ks,wilson,736,39854,1.5714285714285714,3.7857142857142856,12.285714285714286,0.7
ks,wallace,59,51833,1.6666666666666667,3.75,16.555555555555557,0.46153846153846156
ks,shawnee,65845,41498,1.8611111111111112,3.263888888888889,34.0,0.22085889570552147
ks,seward,63,36597,1.9090909090909092,3.6363636363636362,6.7272727272727275,0.3142857142857143
ks,sedgwick,1641,50815,1.6666666666666667,2.9166666666666665,10.666666666666666,0.8571428571428571
ks,stafford,956,56581,1.6,3.3,6.2,0.38461538461538464
ks,riley,954,38338,1.8823529411764706,3.9705882352941178,16.88235294117647,0.38636363636363635
ks,russell,4463,52011,1.5,3.375,11.5,0.8
ks,meade,1565,55983,1.7857142857142858,3.892857142857143,8.285714285714286,0.32558139534883723
ks,norton,2768,41647,1.6666666666666667,4.5,3.6666666666666665,0.42857142857142855
ks,osborne,1291,42878,1.6,4.3,14.1,0.23255813953488372
ks,marion,1787,36386,1.8571428571428572,3.5714285714285716,5.571428571428571,0.875
ks,pratt,6630,45391,2.0,3.8333333333333335,9.333333333333334,0.42857142857142855
ks,republic,108,44780,2.0,3.8333333333333335,3.8333333333333335,0.21428571428571427
ks,ottawa,12267,36310,1.75,2.75,5.0,0.4444444444444444
ky,hickman,2156,44746,1.5,3.7,4.7,0.4166666666666667
ky,union,5930,33296,1.9333333333333333,3.9,20.466666666666665,0.2054794520547945
ky,morgan,2407,24605,1.7894736842105263,3.3947368421052633,7.105263157894737,0.19387755102040816
ky,martin,560,25670,1.75,2.75,5.75,0.6666666666666666
ky,marion,2872,31651,1.763157894736842,3.3026315789473686,13.447368421052632,0.2331288343558282
ky,livingston,219,33691,1.6666666666666667,2.888888888888889,9.333333333333334,0.75
ky,jefferson,27997,44719,1.7826086956521738,2.9456521739130435,16.25,0.2636103151862464
ky,jackson,1979,26195,1.6666666666666667,3.8333333333333335,11.083333333333334,0.42857142857142855
ky,henderson,28432,36154,1.9285714285714286,3.392857142857143,17.0,0.32558139534883723
ky,russell,3245,31076,1.7692307692307692,3.6923076923076925,7.615384615384615,0.29545454545454547
ky,hardin,610,38575,1.9166666666666667,3.75,12.833333333333334,0.2926829268292683
ky,greenup,1116,36320,1.6666666666666667,3.5833333333333335,4.666666666666667,0.5
ky,grayson,3944,30255,1.5,4.0,3.5,0.8
ky,fulton,2176,32758,1.0,2.0,4.0,0.14285714285714285
ky,franklin,8969,38667,1.75,3.125,9.25,0.6666666666666666
ky,cumberland,1967,30581,1.8,3.45,7.3,0.5263157894736842
ky,crittenden,3899,33019,1.9090909090909092,3.1515151515151514,24.666666666666668,0.33
ky,allen,176,28593,1.8,3.0,7.5,0.5882352941176471
ky,clinton,1263,29631,1.7105263157894737,3.526315789473684,12.736842105263158,0.2602739726027397
ky,harlan,1531,27778,1.7142857142857142,3.5714285714285716,9.714285714285714,0.6363636363636364
ky,clay,1117,27255,1.8333333333333333,3.0,5.5,0.5454545454545454
ky,carlisle,1959,42485,1.7857142857142858,3.4642857142857144,17.5,0.3111111111111111
ky,butler,582,31131,1.7941176470588236,3.073529411764706,20.49019607843137,0.29310344827586204
la,washington,929,30972,1.8604651162790697,3.4302325581395348,13.13953488372093,0.3006993006993007
la,lafayette,126143,53215,1.7916666666666667,3.25,17.208333333333332,0.3116883116883117
la,livingston,1955,37337,1.8923076923076922,3.3115384615384613,53.184615384615384,0.2106969205834684
la,jackson,3725,32037,1.8333333333333333,3.0208333333333335,10.208333333333334,0.2553191489361702
la,franklin,6786,27693,1.8333333333333333,3.125,13.083333333333334,0.21052631578947367
la,natchitoches,17831,33525,1.9565217391304348,3.3043478260869565,9.608695652173912,0.25555555555555554
ma,essex,3789,57540,2.0,3.92,27.08,0.2840909090909091
ma,plymouth,60803,56571,1.9090909090909092,3.409090909090909,35.63636363636363,0.4583333333333333
ma,norfolk,11988,77194,1.9333333333333333,3.066666666666667,20.133333333333333,0.7142857142857143
ma,hampden,5220,44760,1.8125,3.28125,42.875,0.41025641025641024
ma,worcester,185877,49121,1.8125,3.09375,22.875,0.5
ma,nantucket,11327,106895,1.8571428571428572,4.214285714285714,16.571428571428573,0.16279069767441862
md,baltimore,602495,53832,1.8166666666666667,3.1083333333333334,47.36666666666667,0.2857142857142857
md,frederick,72146,53601,1.9333333333333333,3.1666666666666665,23.6,0.4411764705882353
md,somerset,1280,29709,2.0,3.5,50.9,0.5263157894736842
me,york,13151,44437,1.868421052631579,3.6710526315789473,30.342105263157894,0.25333333333333335
me,cumberland,8165,51659,1.9230769230769231,3.7788461538461537,25.307692307692307,0.24186046511627907
me,franklin,1547,35108,1.8571428571428572,3.7142857142857144,13.0,0.7
me,penobscot,1211,36425,1.6666666666666667,4.0,10.333333333333334,0.3333333333333333
me,hancock,2415,44349,1.8846153846153846,4.1923076923076925,26.615384615384617,0.29545454545454547
me,oxford,4101,33163,2.0,2.6666666666666665,8.333333333333334,0.5
me,lincoln,4908,44159,1.8461538461538463,3.923076923076923,9.153846153846153,0.20967741935483872
me,knox,792,42538,1.7608695652173914,3.847826086956522,13.152173913043478,0.23711340206185566
me,waldo,860,36097,1.7777777777777777,4.277777777777778,13.0,0.6923076923076923
me,washington,1512,35752,1.8727272727272728,3.981818181818182,13.981818181818182,0.20446096654275092
mi,macomb,90758,40077,1.8235294117647058,3.411764705882353,17.941176470588236,0.25757575757575757
mi,iosco,3847,32125,1.8333333333333333,3.8055555555555554,6.722222222222222,0.23076923076923078
mi,clinton,3538,39611,1.8333333333333333,3.35,16.1,0.32608695652173914
mi,ingham,2524,35503,1.7875,3.05,19.675,0.321285140562249
mi,huron,416,40869,1.65,3.425,5.15,0.25316455696202533
mi,schoolcraft,1798,34505,1.8823529411764706,3.4411764705882355,19.88235294117647,0.6296296296296297
mi,osceola,1841,31532,1.7333333333333334,3.4833333333333334,9.733333333333333,0.2222222222222222
mi,eaton,4132,36492,1.8428571428571427,3.2071428571428573,16.928571428571427,0.30973451327433627
mi,kalkaska,4897,31621,1.8461538461538463,3.6538461538461537,18.384615384615383,0.19696969696969696
mi,branch,1351,31693,2.0,2.0,7.0,0.125
mi,montcalm,3400,29737,1.849056603773585,3.1792452830188678,20.62264150943396,0.23660714285714285
mi,montmorency,1059,31075,1.6842105263157894,3.763157894736842,10.947368421052632,0.152
mi,ogemaw,1180,30350,1.6666666666666667,3.433333333333333,7.566666666666666,0.20270270270270271
mi,ontonagon,2220,33752,1.7777777777777777,4.0,8.0,0.6428571428571429
mi,livingston,2585,47921,1.8333333333333333,2.8666666666666667,20.32,0.3067484662576687
mi,roscommon,4324,31989,1.5,2.5,4.75,0.3076923076923077
mi,sanilac,2311,32829,1.6923076923076923,3.6538461538461537,7.076923076923077,0.18840579710144928
mi,antrim,2095,39601,1.8431372549019607,3.872549019607843,18.058823529411764,0.24285714285714285
mi,shiawassee,2734,33682,1.7916666666666667,3.0972222222222223,17.819444444444443,0.27906976744186046
mi,tuscola,1948,32892,1.7073170731707317,3.2195121951219514,17.21951219512195,0.25949367088607594
mi,wexford,1103,31465,1.8333333333333333,3.607142857142857,17.80952380952381,0.20192307692307693
mi,chippewa,211,29311,1.7380952380952381,3.761904761904762,9.785714285714286,0.2727272727272727
mi,presque isle,1575,33073,1.3636363636363635,4.090909090909091,6.181818181818182,0.6875
mi,barry,3495,39022,1.8024691358024691,3.0987654320987654,18.938271604938272,0.27181208053691275
mi,charlevoix,2499,43027,1.6,3.3,7.2,0.4166666666666667
mi,berrien,5027,40046,1.8522727272727273,3.0795454545454546,19.386363636363637,0.26993865030674846
mi,allegan,5034,38552,1.7941176470588236,3.1323529411764706,21.58823529411765,0.2556390977443609
mi,cheboygan,4712,33728,1.4,3.7,6.6,0.625
mi,gladwin,2887,30730,2.0,3.1,8.2,1.0
mi,hillsdale,8049,31050,1.6666666666666667,3.0,4.333333333333333,0.6
mi,houghton,7993,32322,1.875,3.6875,11.375,0.8
mi,ionia,10952,30260,1.7272727272727273,3.227272727272727,9.636363636363637,0.44
mi,jackson,32605,34054,1.8461538461538463,2.769230769230769,11.692307692307692,0.8666666666666667
mi,kalamazoo,76545,41547,1.9166666666666667,3.5416666666666665,24.416666666666668,0.2857142857142857
mi,lapeer,8621,36820,1.6875,3.28125,8.875,0.37209302325581395
mi,manistee,6116,32946,1.7142857142857142,3.4285714285714284,11.428571428571429,0.7777777777777778
mi,marquette,20680,35194,1.9333333333333333,3.7333333333333334,14.466666666666667,0.45454545454545453
mi,alpena,9963,35078,1.2857142857142858,4.0,7.714285714285714,0.875
mi,menominee,8108,37545,1.875,2.9375,8.5,0.8
mi,mason,8458,35709,2.0,3.6153846153846154,17.384615384615383,0.19696969696969696
mi,arenac,853,32089,1.8108108108108107,3.2837837837837838,8.35135135135135,0.2483221476510067
mi,lake,5847,27540,1.7407407407407407,3.4444444444444446,11.222222222222221,0.2109375
mi,alcona,913,32714,1.5384615384615385,4.076923076923077,8.384615384615385,0.18840579710144928
mi,wayne,16896,36914,1.7647058823529411,3.0294117647058822,36.705882352941174,0.9444444444444444
mi,st. joseph,8355,32629,1.8181818181818181,3.5,17.90909090909091,0.34375
mi,baraga,3595,29722,2.0,3.5,6.8,1.0
mi,saginaw,48323,34086,1.6470588235294117,3.264705882352941,11.176470588235293,0.4473684210526316
mi,otsego,4002,36169,2.0,4.1,14.0,0.625
mi,newaygo,2058,32273,1.5,3.5,3.0,0.2857142857142857
mi,muskegon,37287,33447,1.9230769230769231,3.269230769230769,15.384615384615385,0.5416666666666666
mi,monroe,19715,39996,1.5714285714285714,3.0714285714285716,11.571428571428571,0.7
mi,st. clair,5306,37646,2.0,4.25,31.5,0.4
mi,midland,41800,40836,2.0,3.7142857142857144,13.857142857142858,0.7
mn,fillmore,478,41274,1.8285714285714285,3.442857142857143,9.657142857142857,0.24475524475524477
mn,douglas,755,47165,1.9333333333333333,4.133333333333334,13.0,0.2459016393442623
mn,crow wing,2092,39815,2.0,3.3125,9.625,0.47058823529411764
mn,itasca,133,37927,1.75,4.0,8.25,0.13333333333333333
mn,lincoln,200,45516,1.85,3.6,8.8,0.16260162601626016
mn,benton,827,38515,1.6666666666666667,3.462962962962963,8.25925925925926,0.2571428571428571
mn,big stone,268,49247,1.7,3.5,6.4,0.24390243902439024
mn,morrison,198,38188,1.6129032258064515,3.193548387096774,6.548387096774194,0.24031007751937986
mn,wright,126,43626,2.0,3.9444444444444446,8.444444444444445,0.14754098360655737
mn,clay,75,39771,1.84,3.68,10.76,0.2358490566037736
mn,lake,2221,43372,1.8461538461538463,4.346153846153846,11.23076923076923,0.203125
mn,hubbard,798,36535,1.9411764705882353,3.8823529411764706,5.294117647058823,0.12686567164179105
mn,otter tail,491,43755,1.7391304347826086,3.760869565217391,7.565217391304348,0.22330097087378642
mn,kanabec,932,36612,1.6666666666666667,3.6666666666666665,7.555555555555555,0.1323529411764706
mn,lac qui parle,164,52937,1.3,2.7,5.3,0.35714285714285715
mn,washington,739,57716,1.9150943396226414,3.1650943396226414,25.50943396226415,0.2299349240780911
mn,murray,172,55025,1.6666666666666667,3.6,8.133333333333333,0.2830188679245283
mn,traverse,340,52402,1.6666666666666667,3.2916666666666665,4.416666666666667,0.375
mn,norman,257,39225,1.8461538461538463,3.519230769230769,10.0,0.2765957446808511
mn,rock,177,51342,1.9375,3.53125,17.15625,0.31683168316831684
mn,martin,379,48864,1.0,4.0,1.0,0.14285714285714285
mn,sibley,252,43743,1.9142857142857144,3.157142857142857,14.485714285714286,0.26119402985074625
mn,scott,145,51927,1.9009009009009008,3.027027027027027,22.92792792792793,0.2545871559633027
mn,stevens,72,54452,1.8181818181818181,3.772727272727273,7.090909090909091,0.22448979591836735
mn,todd,1438,37325,1.7857142857142858,3.4107142857142856,7.285714285714286,0.19047619047619047
mn,waseca,8904,44837,1.7692307692307692,3.423076923076923,5.461538461538462,0.5
mn,winona,26813,43901,1.7142857142857142,3.857142857142857,11.714285714285714,0.2978723404255319
mn,wabasha,2477,43540,2.0,4.166666666666667,6.0,0.42857142857142855
mn,wadena,4094,35655,2.0,3.375,3.75,0.5
mn,aitkin,2001,35185,1.6666666666666667,4.222222222222222,4.333333333333333,0.36
mn,anoka,17543,44544,2.0,3.392857142857143,17.0,0.45161290322580644
mn,becker,4912,42497,1.6666666666666667,2.9166666666666665,5.5,0.6666666666666666
mn,beltrami,102,36353,1.6923076923076923,4.269230769230769,7.0,0.2826086956521739
mn,blue earth,3133,41843,1.5555555555555556,3.5,6.222222222222222,1.0
mn,carlton,1039,37416,1.8,3.9,7.4,0.5
mn,carver,4960,62392,1.9137931034482758,3.163793103448276,42.12068965517241,0.2885572139303483
mn,cook,563,46912,1.7142857142857142,4.357142857142857,2.0,0.2692307692307692
mn,cottonwood,1245,45729,1.6666666666666667,3.3333333333333335,5.733333333333333,0.40540540540540543
mn,dakota,308,52542,2.0,3.8,21.933333333333334,0.3488372093023256
mn,faribault,23851,39312,1.7777777777777777,3.2222222222222223,3.888888888888889,0.75
mn,freeborn,276,39340,1.7142857142857142,3.7857142857142856,10.142857142857142,0.5833333333333334
mn,goodhue,1178,47511,1.8725490196078431,3.196078431372549,27.872549019607842,0.2531017369727047
mn,clearwater,1799,38105,1.75,2.875,11.416666666666666,0.8571428571428571
mn,houston,966,45395,1.8095238095238095,3.7261904761904763,9.928571428571429,0.2916666666666667
mn,grant,4152,47075,2.0,3.6,18.7,0.14925373134328357
mn,rice,1377,38617,1.8125,3.6875,10.5625,0.45714285714285713
mn,renville,1189,49426,1.6,2.5,7.2,0.45454545454545453
mn,ramsey,26928,47960,2.0,2.9583333333333335,15.25,0.5454545454545454
mn,pipestone,4021,54075,2.0,2.75,9.0,0.5714285714285714
mn,nicollet,1151,44555,1.6,2.9,12.2,0.5
mn,roseau,2660,42816,2.0,4.0,2.75,0.4
mn,mahnomen,1242,34463,1.6666666666666667,3.5,6.166666666666667,0.14634146341463414
mn,le sueur,4019,42843,1.5,2.8333333333333335,6.833333333333333,0.2857142857142857
mn,kandiyohi,479,45733,2.0,3.2,3.2,0.8333333333333334
mn,jackson,3201,49921,1.8,2.9,7.6,0.8333333333333334
mn,isanti,5901,38327,1.75,3.0416666666666665,7.333333333333333,0.5
mn,marshall,13530,45141,1.6,3.0,5.6,0.8333333333333334
mo,osage,1714,42259,2.0,4.363636363636363,18.09090909090909,0.16666666666666666
mo,howard,527,35953,1.9655172413793103,3.5689655172413794,13.96551724137931,0.2396694214876033
mo,washington,14055,26048,2.0,4.25,19.25,0.8
mo,sullivan,7108,42852,1.6666666666666667,2.75,9.166666666666666,0.8571428571428571
mo,st. louis,302838,61078,1.8316831683168318,3.094059405940594,41.01980198019802,0.2997032640949555
mo,st. charles,70764,46189,1.8541666666666667,2.9375,26.520833333333332,0.3310344827586207
mo,st. clair,4698,28289,1.9444444444444444,3.611111111111111,18.166666666666668,0.45
mo,ray,28993,36379,1.8404255319148937,3.0585106382978724,27.23404255319149,0.25474254742547425
mo,perry,694,36259,1.5,5.0,1.5,0.2857142857142857
mo,ozark,20188,27850,1.75,3.482142857142857,20.5,0.30434782608695654
mo,chariton,234,43074,1.8888888888888888,3.4814814814814814,16.25925925925926,0.2967032967032967
mo,ste. genevieve,4442,35322,1.75,3.625,7.916666666666667,0.46153846153846156
mo,harrison,81,33842,1.6666666666666667,2.5,8.0,0.5
mo,henry,222,38036,1.8,3.64,9.68,0.21551724137931033
mo,marion,222,36467,1.8125,2.96875,12.6875,0.8
mo,monroe,151,41250,1.6666666666666667,4.0,1.3333333333333333,0.42857142857142855
mo,dallas,328,29793,1.7843137254901962,3.196078431372549,10.686274509803921,0.24401913875598086
mo,polk,743,30573,1.5,4.5,2.5,0.3333333333333333
mo,clay,1325,43140,1.8529411764705883,2.980392156862745,29.19607843137255,0.2582278481012658
mo,cooper,1849,34347,1.775,3.125,11.9,0.31007751937984496
mo,morgan,1431,37968,1.6734693877551021,3.4285714285714284,12.653061224489797,0.22072072072072071
mo,atchison,366,53154,1.6428571428571428,3.7142857142857144,8.928571428571429,0.2857142857142857
mo,nodaway,771,28986,1.875,3.6875,16.125,0.5714285714285714
mo,pike,3726,32905,1.7,3.15,21.8,0.3409090909090909
mo,boone,316,42194,1.75,3.3035714285714284,17.464285714285715,0.2641509433962264
mo,oregon,765,27034,1.7692307692307692,3.8076923076923075,12.307692307692308,0.6190476190476191
mo,cass,1233,40815,1.815217391304348,2.9565217391304346,26.141304347826086,0.26744186046511625
mo,jefferson,502,36892,1.75,2.96875,12.75,0.8
mo,new madrid,2857,30964,1.7142857142857142,3.107142857142857,7.428571428571429,0.7
mo,carroll,1032,44693,1.8571428571428572,3.892857142857143,8.928571428571429,0.1891891891891892
mo,mercer,304,38727,1.3333333333333333,4.0,3.6666666666666665,0.6
mo,miller,683,32258,1.8333333333333333,4.083333333333333,4.833333333333333,0.5
mo,benton,857,33046,1.8823529411764706,3.764705882352941,13.588235294117647,0.4722222222222222
mo,butler,4038,33838,1.8928571428571428,3.517857142857143,10.321428571428571,0.3373493975903614
mo,camden,186,33069,2.0,3.7916666666666665,18.25,0.17391304347826086
mo,cape girardeau,39853,39642,1.7857142857142858,3.2857142857142856,11.071428571428571,0.7777777777777778
mo,clark,290,34319,1.76,3.3,11.96,0.2808988764044944
mo,franklin,95,38008,2.0,2.9166666666666665,18.5,0.5454545454545454
mo,gasconade,214,34772,2.0,3.3125,11.125,0.5333333333333333
mo,clinton,8947,39940,2.0,3.875,6.25,0.6666666666666666
mo,jackson,14994,40881,1.8125,3.40625,10.9375,0.8
mo,jasper,965,35333,1.7857142857142858,4.178571428571429,12.571428571428571,0.2857142857142857
mo,laclede,327,31349,2.0,3.5833333333333335,6.5,0.75
mo,lewis,515,33665,1.875,3.9375,14.4375,0.21621621621621623
mo,lincoln,1191,34561,1.6,3.2,3.6,0.5
mo,linn,1607,36069,1.7659574468085106,3.393617021276596,13.914893617021276,0.27647058823529413
mo,macon,5355,35456,2.0,4.25,6.5,0.4
mo,madison,541,33844,1.6666666666666667,3.5833333333333335,4.833333333333333,0.4
mo,holt,475,46764,1.8571428571428572,2.9285714285714284,6.714285714285714,0.6363636363636364
ms,madison,25676,58444,1.8823529411764706,2.8529411764705883,19.58823529411765,0.7727272727272727
ms,george,277,31656,1.8170731707317074,3.1402439024390243,17.646341463414632,0.2662337662337662
ms,grenada,12466,31056,1.875,2.6875,5.5,0.8
ms,jackson,164422,34845,1.9696969696969697,3.121212121212121,23.575757575757574,0.29464285714285715
ms,coahoma,329,30204,1.5,3.125,13.25,0.5
ms,marion,1479,29193,1.7894736842105263,3.526315789473684,15.31578947368421,0.6785714285714286
ms,jones,1121,37554,1.75,3.4583333333333335,8.5,0.19047619047619047
ms,pontotoc,6144,29277,1.9230769230769231,3.769230769230769,16.53846153846154,0.3939393939393939
ms,newton,3223,33198,2.0,3.0,6.5,0.5714285714285714
ms,tishomingo,331,29121,1.8333333333333333,3.5833333333333335,7.5,0.6
ms,tunica,916,30581,1.64,2.84,21.28,0.32051282051282054
ms,union,1924,29254,1.9444444444444444,3.3333333333333335,12.333333333333334,0.2903225806451613
ms,sunflower,1007,26883,1.6666666666666667,2.111111111111111,4.777777777777778,0.6
ms,quitman,2111,24420,1.8421052631578947,3.6842105263157894,13.052631578947368,0.2602739726027397
ms,prentiss,952,27723,1.7142857142857142,3.3035714285714284,9.392857142857142,0.23333333333333334
mt,deer lodge,2916,34245,1.7407407407407407,3.574074074074074,15.037037037037036,0.35064935064935066
mt,missoula,74428,40858,1.8235294117647058,3.764705882352941,36.1764705882353,0.3090909090909091
mt,sheridan,750,57613,1.5,4.5,6.0,0.4
mt,wibaux,625,46461,1.7857142857142858,3.642857142857143,10.5,0.7
mt,cascade,685,41893,2.0,4.15,19.5,0.22727272727272727
nc,lenoir,17938,35597,1.6666666666666667,3.1666666666666665,4.0,0.6
nc,wilson,49329,36166,1.8,3.2,13.066666666666666,0.5555555555555556
nc,washington,9536,31729,1.7777777777777777,2.7777777777777777,7.333333333333333,0.8181818181818182
nc,rockingham,8776,33261,2.0,3.0,5.0,0.375
nc,madison,2118,29263,1.8,3.1125,13.9875,0.2702702702702703
nc,macon,111,34734,1.6153846153846154,3.1923076923076925,9.615384615384615,0.5909090909090909
nc,jackson,461,28836,1.8888888888888888,3.0277777777777777,18.444444444444443,0.42857142857142855
nc,brunswick,971,36576,1.7886178861788617,3.0203252032520327,22.658536585365855,0.231203007518797
nc,henderson,14936,37444,1.6,2.7,7.6,0.625
nc,halifax,207,31456,1.7857142857142858,2.857142857142857,16.714285714285715,0.4117647058823529
nc,beaufort,4391,37538,1.8181818181818181,3.590909090909091,8.727272727272727,0.5
nc,catawba,620,38414,1.7352941176470589,3.3088235294117645,11.941176470588236,0.3953488372093023
nc,cleveland,881,32809,1.875,3.53125,15.9375,0.4444444444444444
nc,columbus,995,29340,1.75,4.125,14.0,0.4
nc,davidson,12921,34484,2.0,3.9444444444444446,15.722222222222221,0.2608695652173913
nc,durham,274291,43817,1.9125,3.1625,29.6625,0.3041825095057034
nc,franklin,4042,31256,1.6666666666666667,3.5833333333333335,10.833333333333334,0.5454545454545454
nc,hertford,2113,28555,1.9230769230769231,2.8846153846153846,8.384615384615385,0.48148148148148145
nc,gaston,1030,36378,1.6428571428571428,2.75,15.928571428571429,0.7368421052631579
nc,graham,15086,29056,1.6,2.5,7.4,0.5263157894736842
nd,williams,15,102808,2.0,3.5,7.0,0.23684210526315788
nd,mercer,92,53664,2.0,3.0,1.5,0.4
nd,pembina,553,50471,2.0,3.0,2.5,0.5
nd,rolette,599,32024,2.0,3.5,3.142857142857143,0.7
nd,steele,710,59264,2.0,3.5,8.0,0.375
nd,towner,535,43906,2.0,3.6875,2.875,0.7272727272727273
nd,nelson,56,53320,1.5714285714285714,3.7857142857142856,3.0,0.30434782608695654
nd,pierce,69,41871,2.0,4.0,1.6666666666666667,0.6
nd,renville,31,55901,1.8125,3.9375,8.5,0.5925925925925926
nd,richland,18,43573,1.6923076923076923,3.076923076923077,7.076923076923077,0.3023255813953488
nd,oliver,10,46166,1.9230769230769231,3.8076923076923075,10.384615384615385,0.25
nd,wells,84,52036,1.6,3.25,2.8,0.5882352941176471
nd,mchenry,54,49514,1.5555555555555556,3.5555555555555554,3.4444444444444446,0.391304347826087
nd,sargent,30,53801,1.5,3.1875,2.375,0.4444444444444444
nd,grant,105,40458,1.8666666666666667,3.8333333333333335,12.4,0.3191489361702128
nd,mountrail,32,72079,1.5,3.625,8.0,0.3076923076923077
nd,burke,41,87338,1.5,2.875,2.75,0.2857142857142857
nd,sioux,155,26476,2.0,3.0,16.0,0.5
nd,sheridan,27,31196,2.0,4.0,1.0,0.6666666666666666
nd,ward,54,58394,1.8,4.066666666666666,8.8,0.4838709677419355
nd,eddy,38,49167,1.5555555555555556,3.5555555555555554,3.4444444444444446,0.4090909090909091
nd,divide,75,65769,2.0,2.6666666666666665,2.0,0.3
nd,billings,12,94629,1.8235294117647058,3.9705882352941178,7.705882352941177,0.4473684210526316
nd,barnes,21,49276,1.875,3.625,15.875,0.37209302325581395
nd,morton,45,50815,1.9333333333333333,3.6333333333333333,13.666666666666666,0.3125
nd,ransom,52,43100,1.8333333333333333,4.083333333333333,7.916666666666667,0.21052631578947367
nd,mckenzie,99,81696,1.9333333333333333,3.8666666666666667,13.266666666666667,0.30612244897959184
nd,lamoure,896,51942,1.75,3.46875,4.5625,0.5161290322580645
nd,grand forks,56948,46131,1.75,3.71875,9.625,0.48484848484848486
nd,hettinger,1211,51356,1.8333333333333333,4.25,4.166666666666667,0.5
nd,adams,120,49203,1.875,3.875,2.875,0.34782608695652173
nd,bottineau,2205,57358,2.0,3.5,3.142857142857143,0.6363636363636364
nd,logan,37,53088,1.9375,3.6875,9.1875,0.6666666666666666
nd,cavalier,1264,59955,2.0,3.875,2.0,0.36363636363636365
nd,dickey,39,55428,1.7857142857142858,3.5357142857142856,4.857142857142857,0.5185185185185185
nd,golden valley,168,53894,1.9285714285714286,3.7857142857142856,7.0,0.4
nd,bowman,1608,67676,2.0,4.0,4.0,0.6
ne,franklin,942,42262,1.5,2.5,1.5,0.4
ne,grant,1131,57030,1.6363636363636365,2.8181818181818183,11.545454545454545,0.7333333333333333
ne,kearney,33761,84898,1.8333333333333333,3.6944444444444446,24.38888888888889,0.6923076923076923
ne,kimball,2360,45619,1.6666666666666667,3.3333333333333335,8.666666666666666,0.5
ne,lincoln,287401,46012,1.6875,3.1875,19.625,0.4266666666666667
ne,madison,2381,44682,1.8823529411764706,3.676470588235294,6.764705882352941,0.5
ne,pierce,1726,55980,1.6875,3.65625,6.25,0.48484848484848486
ne,seward,7220,45424,1.75,3.25,3.75,0.8
ne,valley,2845,42877,1.7352941176470589,3.264705882352941,16.705882352941178,0.34
ne,wayne,5622,42017,1.6875,3.78125,7.1875,0.27586206896551724
ne,blaine,193,76590,1.5,3.875,6.25,0.4444444444444444
ne,logan,71,52193,1.625,3.75,25.75,0.45714285714285713
ne,platte,165,45694,1.6923076923076923,3.4615384615384617,31.615384615384617,0.6842105263157895
ne,richardson,401,45607,1.6666666666666667,4.0,9.2,0.35714285714285715
ne,sheridan,81,48447,1.3333333333333333,3.375,5.916666666666667,0.5714285714285714
ne,cuming,233,76262,1.8235294117647058,4.0,7.9411764705882355,0.25757575757575757
ne,stanton,1511,42472,1.8235294117647058,3.764705882352941,6.705882352941177,0.3090909090909091
ne,york,7866,45992,1.5555555555555556,3.388888888888889,13.444444444444445,0.75
ne,webster,868,46771,1.8571428571428572,4.107142857142857,15.357142857142858,0.25925925925925924
ne,thayer,130,52541,1.6153846153846154,3.3461538461538463,10.461538461538462,0.6842105263157895
ne,dawes,352,36465,1.3333333333333333,3.2777777777777777,6.555555555555555,0.6
ne,douglas,202,57890,1.696969696969697,3.0,15.93939393939394,0.4125
ne,butler,619,45842,1.7741935483870968,3.5,12.580645161290322,0.26495726495726496
ne,cedar,61,55188,1.7647058823529411,3.911764705882353,5.647058823529412,0.3269230769230769
ne,garfield,225,49578,1.375,3.625,4.75,0.6666666666666666
ne,nemaha,567,46991,1.6923076923076923,3.8461538461538463,8.846153846153847,0.34210526315789475
ne,jefferson,112,47692,1.9,4.15,7.0,0.29411764705882354
ne,adams,912,45289,1.8888888888888888,3.111111111111111,10.555555555555555,0.75
ne,washington,117,50337,2.0,3.6,26.733333333333334,0.46875
ne,antelope,205,53502,1.588235294117647,3.823529411764706,4.9411764705882355,0.5666666666666667
ne,hamilton,118,49510,1.75,3.96875,13.0,0.23880597014925373
ne,hayes,27,67864,1.7692307692307692,3.576923076923077,25.76923076923077,0.2653061224489796
ne,custer,103,50971,1.6363636363636365,3.6818181818181817,8.818181818181818,0.6470588235294118
ne,sherman,530,42473,1.7096774193548387,3.532258064516129,15.096774193548388,0.41333333333333333
ne,holt,439,54408,1.4,3.6,3.4,0.45454545454545453
ne,loup,130,63956,1.8888888888888888,4.277777777777778,17.555555555555557,0.2571428571428571
nh,sullivan,675,45755,2.0,3.7142857142857144,20.571428571428573,0.7777777777777778
nh,carroll,742,50020,1.7692307692307692,4.346153846153846,9.461538461538462,0.5
nh,grafton,1336,52320,1.64,3.62,15.28,0.31645569620253167
nh,merrimack,25969,51831,2.0,3.4375,37.1875,0.38095238095238093
nh,hillsborough,5992,53343,1.9411764705882353,4.0588235294117645,16.470588235294116,0.3269230769230769
nh,strafford,4186,43174,1.9090909090909092,3.757575757575758,23.21212121212121,0.34375
nj,warren,15745,49188,1.894736842105263,2.8421052631578947,39.526315789473685,0.8260869565217391
nj,ocean,26708,44949,2.0,3.7142857142857144,50.285714285714285,0.2222222222222222
nj,union,5525,59230,1.9473684210526316,3.1315789473684212,57.10526315789474,0.36538461538461536
nj,salem,4747,43087,1.8837209302325582,3.0232558139534884,32.13953488372093,0.2670807453416149
nj,burlington,9884,53760,2.0,2.6875,15.5,0.4444444444444444
nj,morris,19145,84260,1.9038461538461537,3.3108974358974357,44.60897435897436,0.08210526315789474
nj,cape may,3448,51473,1.9365079365079365,3.492063492063492,18.047619047619047,0.24609375
nj,camden,73973,46905,1.9090909090909092,3.3636363636363638,104.5,0.1732283464566929
nj,passaic,69948,45746,1.8571428571428572,3.0,33.857142857142854,0.5833333333333334
nj,gloucester,63884,47392,1.84,2.8,39.56,0.2358490566037736
nm,bernalillo,10105,38593,1.75,2.25,12.25,0.5
nm,santa fe,84612,50557,1.7916666666666667,3.6875,63.625,0.25
nm,socorro,8407,31804,1.5,2.75,14.375,0.8888888888888888
nm,taos,5971,33342,2.0,4.041666666666667,46.583333333333336,0.32432432432432434
nv,carson city,55414,42537,1.6712328767123288,3.006849315068493,111.84931506849315,0.26353790613718414
nv,elko,20341,42169,1.7894736842105263,3.6842105263157894,52.94736842105263,0.5757575757575758
ny,lewis,1306,41061,1.8333333333333333,4.0,12.5,0.6666666666666666
ny,putnam,576,57163,1.8682170542635659,3.2713178294573644,35.78294573643411,0.1762295081967213
ny,herkimer,9677,36386,2.0,4.125,15.8125,0.25806451612903225
ny,columbia,1517,48801,1.875,3.65625,9.3125,0.8
ny,essex,636,39500,1.8125,3.53125,18.625,0.7619047619047619
ny,washington,4613,35304,1.8333333333333333,2.8333333333333335,13.5,0.5
ny,tompkins,1148,39067,1.6363636363636365,4.363636363636363,7.454545454545454,0.275
ny,franklin,2257,33508,1.8333333333333333,3.8333333333333335,14.583333333333334,0.3076923076923077
ny,livingston,3473,36686,2.0,3.9,21.2,0.11627906976744186
ny,clinton,710,38463,1.6666666666666667,3.0,11.333333333333334,0.5454545454545454
ny,greene,5084,41786,1.84,3.49,15.16,0.2222222222222222
ny,chemung,2462,39502,1.75,4.0625,10.875,0.5714285714285714
ny,schuyler,3329,38118,1.8125,3.15625,17.4375,0.7619047619047619
ny,chautauqua,4256,36101,2.0,5.0,1.0,0.14285714285714285
ny,chenango,10596,36583,1.9333333333333333,3.5,22.6,0.39473684210526316
ny,schenectady,65575,45851,1.8125,3.21875,23.0625,0.3333333333333333
ny,rensselaer,9212,42725,1.9411764705882353,3.6470588235294117,30.0,0.4358974358974359
ny,oswego,17337,34968,1.7272727272727273,3.3636363636363638,7.0,0.6111111111111112
ny,oneida,10912,38764,1.8,3.2,22.2,0.625
ny,new york,8398748,151128,1.8790322580645162,3.3951612903225805,121.35483870967742,0.08857142857142856
ny,fulton,11243,36869,1.8372093023255813,3.5,18.58139534883721,0.3333333333333333
ny,ontario,10088,45771,2.0,3.625,8.5,0.5714285714285714
ny,cortland,18713,35030,1.6,2.55,9.0,0.7142857142857143
ny,albany,97279,53791,1.9375,3.296875,30.4375,0.29357798165137616
ny,allegany,7597,31518,1.6666666666666667,3.3333333333333335,8.333333333333334,0.6
ny,warren,1094,45095,1.875,3.78125,9.5,0.8
ny,genesee,1608,39185,1.8181818181818181,3.590909090909091,7.545454545454546,0.20952380952380953
ny,hamilton,6443,46724,2.0,3.75,9.5,0.2222222222222222
ny,orleans,2731,34128,1.8,3.5,10.3,0.24691358024691357
ny,ulster,12593,42913,2.0,3.9,34.2,0.18518518518518517
ny,tioga,4690,41958,1.7777777777777777,3.888888888888889,9.666666666666666,0.5
ny,rockland,3678,53434,1.897810218978102,3.4416058394160585,48.613138686131386,0.07210526315789474
ny,delaware,2579,34602,1.875,4.0625,14.375,0.5
ny,wayne,988,39367,1.875,4.25,6.625,0.34782608695652173
ny,jefferson,1421,42753,2.0,4.166666666666667,10.333333333333334,0.6
ny,broome,989,38276,1.8545454545454545,3.727272727272727,15.436363636363636,0.2391304347826087
ny,saratoga,5725,55809,2.0,4.038461538461538,37.23076923076923,0.24528301886792453
ny,orange,50092,45306,1.9104477611940298,3.3134328358208953,35.649253731343286,0.15563298490127758
ny,nassau,4783,75376,1.8888888888888888,3.638888888888889,28.61111111111111,0.5806451612903226
ny,schoharie,3002,34651,1.5714285714285714,2.642857142857143,8.142857142857142,0.875
ny,yates,2419,35437,1.25,3.25,16.75,0.5714285714285714
ny,madison,2900,38109,2.0,3.75,9.5,0.2857142857142857
ny,otsego,3717,37645,1.9473684210526316,3.526315789473684,13.526315789473685,0.24675324675324675
ny,sullivan,15149,38880,1.7325581395348837,3.5872093023255816,21.813953488372093,0.1963470319634703
ny,niagara,8005,39110,1.6944444444444444,3.2777777777777777,42.833333333333336,0.20689655172413793
ny,onondaga,22554,45252,2.0,4.125,27.75,0.2191780821917808
ny,steuben,1127,39559,1.7906976744186047,3.686046511627907,13.953488372093023,0.2028301886792453
ny,seneca,2683,34271,1.7333333333333334,3.3666666666666667,16.4,0.5555555555555556
ny,monroe,19791,45897,1.75,2.625,18.75,0.5714285714285714
ny,montgomery,24022,36597,1.9285714285714286,3.3214285714285716,23.428571428571427,0.3684210526315789
ny,richmond,3246,48150,1.8333333333333333,4.083333333333333,17.916666666666668,0.18181818181818182
oh,scioto,3543,33430,1.8846153846153846,3.3653846153846154,11.538461538461538,0.25
oh,tuscarawas,1849,38918,2.0,3.9375,5.125,0.5714285714285714
oh,highland,2286,31379,1.9230769230769231,3.3076923076923075,50.46153846153846,0.29213483146067415
oh,allen,1085,36813,1.9,3.2,8.166666666666666,0.30612244897959184
oh,hocking,4833,32511,1.7912087912087913,2.912087912087912,19.791208791208792,0.2549019607843137
oh,crawford,1853,34696,1.9285714285714286,3.6785714285714284,10.928571428571429,0.358974358974359
oh,adams,1073,30254,1.7857142857142858,3.1964285714285716,8.535714285714286,0.25
oh,butler,3448,40702,1.75,3.4375,15.75,0.47058823529411764
oh,miami,42554,41460,2.0,3.2,12.2,0.45454545454545453
oh,brown,7482,31949,1.8409090909090908,3.1420454545454546,22.261363636363637,0.27586206896551724
oh,clinton,4102,38592,1.8235294117647058,3.8823529411764706,18.470588235294116,0.4594594594594595
oh,ross,8885,32677,1.8333333333333333,2.988888888888889,24.711111111111112,0.32727272727272727
oh,knox,4201,38388,1.838095238095238,3.2523809523809524,17.6,0.25485436893203883
oh,fulton,3210,39673,1.9230769230769231,3.769230769230769,10.615384615384615,0.2549019607843137
oh,ottawa,7764,44317,2.0,3.7058823529411766,9.823529411764707,0.4722222222222222
oh,fayette,8859,33952,2.0,4.125,9.0,0.5714285714285714
oh,lawrence,2473,33507,1.9444444444444444,4.055555555555555,20.333333333333332,0.4186046511627907
oh,licking,4899,40333,1.8415841584158417,3.1435643564356437,20.277227722772277,0.24815724815724816
oh,seneca,447,34204,1.726027397260274,3.171232876712329,13.58904109589041,0.2310126582278481
oh,summit,610,45112,1.856060606060606,3.117424242424242,25.196969696969695,0.2857142857142857
oh,muskingum,4538,36560,1.7872340425531914,3.5638297872340425,10.574468085106384,0.25405405405405407
oh,carroll,2100,35185,1.7777777777777777,2.7857142857142856,20.38095238095238,0.2775330396475771
oh,erie,1202,57133,1.7586206896551724,3.0775862068965516,16.862068965517242,0.23293172690763053
oh,paulding,3839,36922,1.8571428571428572,3.5714285714285716,5.285714285714286,0.6363636363636364
oh,pickaway,2112,36123,1.8137254901960784,2.980392156862745,21.07843137254902,0.26631853785900783
oh,greene,965,43515,1.7945205479452055,3.047945205479452,18.28082191780822,0.3048016701461378
oh,vinton,538,29491,1.7,2.85,6.4,0.5882352941176471
oh,henry,4321,39851,1.8275862068965518,3.2672413793103448,12.155172413793103,0.3258426966292135
oh,portage,710,39111,2.0,3.25,15.5,0.5714285714285714
oh,pike,4115,32934,1.8076923076923077,3.25,7.961538461538462,0.2222222222222222
oh,holmes,1262,36069,1.794871794871795,3.5448717948717947,12.487179487179487,0.2698961937716263
oh,washington,1858,37943,1.85,3.225,13.5,0.9523809523809523
oh,marion,36087,32292,1.6,3.2,6.8,0.7142857142857143
oh,lorain,64028,40458,1.8,3.1666666666666665,17.2,0.6521739130434783
oh,logan,7050,37574,1.5,3.75,26.75,0.14285714285714285
oh,jackson,6242,32512,1.6666666666666667,1.5,4.0,0.6
oh,clark,3030,36077,1.8013245033112584,3.096026490066225,18.264900662251655,0.299009900990099
oh,harrison,11608,34136,1.9583333333333333,3.1875,21.229166666666668,0.23076923076923078
oh,hamilton,62174,51996,1.8709677419354838,3.064516129032258,16.838709677419356,0.3563218390804598
oh,franklin,11686,45894,1.8666666666666667,3.933333333333333,12.466666666666667,0.2830188679245283
oh,fairfield,42613,40094,2.0,3.5294117647058822,20.0,0.3541666666666667
oh,delaware,39930,63042,1.9375,3.71875,16.375,0.5925925925925926
oh,defiance,16663,37310,1.7413793103448276,3.0517241379310347,12.155172413793103,0.28431372549019607
oh,coshocton,11054,32279,2.0,3.75,6.0,0.4
oh,ashtabula,18079,34087,1.75,3.5833333333333335,12.083333333333334,0.46153846153846156
oh,athens,24688,30284,1.6666666666666667,3.0555555555555554,18.0,0.6428571428571429
oh,columbiana,6231,34446,1.8,3.4833333333333334,13.0,0.3191489361702128
oh,medina,26072,47712,1.5714285714285714,3.142857142857143,8.285714285714286,0.6363636363636364
oh,monroe,13887,29895,1.6363636363636365,3.272727272727273,12.363636363636363,0.6875
oh,huron,6893,36022,1.7857142857142858,3.2857142857142856,20.142857142857142,0.3333333333333333
oh,sandusky,24714,36561,1.8333333333333333,3.0,31.583333333333332,0.3
oh,noble,1704,24020,1.7608695652173914,3.5760869565217392,12.0,0.3382352941176471
oh,montgomery,10805,41017,1.9473684210526316,3.789473684210526,21.68421052631579,0.2714285714285714
oh,morgan,2097,29734,1.8,3.5714285714285716,13.82857142857143,0.23809523809523808
oh,lake,725,44891,1.8333333333333333,3.2045454545454546,27.848484848484848,0.2796610169491525
oh,richland,6123,35138,1.7959183673469388,3.4591836734693877,10.510204081632653,0.22477064220183487
oh,perry,3407,32356,1.8666666666666667,3.8,16.333333333333332,0.5357142857142857
oh,auglaize,2657,42446,1.9655172413793103,3.2758620689655173,8.310344827586206,0.23577235772357724
oh,trumbull,1353,35997,1.7634408602150538,3.274193548387097,14.440860215053764,0.27596439169139464
oh,meigs,3780,30516,1.75,3.5,17.535714285714285,0.25925925925925924
oh,ashland,20423,34388,1.75,2.75,6.75,0.6666666666666666
oh,jefferson,1011,34487,1.7272727272727273,3.4545454545454546,12.727272727272727,0.4583333333333333
oh,warren,38382,50919,1.875,3.75,14.6875,0.5
oh,van wert,10680,37490,1.7872340425531914,3.095744680851064,9.553191489361701,0.3381294964028777
oh,union,6783,44855,1.8421052631578947,2.973684210526316,20.05263157894737,0.6785714285714286
oh,shelby,9030,40925,1.75,3.40625,11.0625,0.41025641025641024
oh,wayne,1296,38859,2.0,3.25,15.5,0.4444444444444444
ok,muskogee,37402,33556,1.6363636363636365,2.727272727272727,9.727272727272727,0.6875
ok,noble,6874,42917,1.8235294117647058,3.5588235294117645,21.823529411764707,0.53125
ok,nowata,3612,34347,1.75,3.4375,10.25,0.5
ok,okmulgee,11795,31883,1.5,2.625,4.25,0.8
ok,osage,155,34574,1.819672131147541,3.057377049180328,16.24590163934426,0.26406926406926406
ok,tulsa,400669,71431,1.8181818181818181,3.159090909090909,18.522727272727273,0.26666666666666666
ok,pittsburg,196,34939,1.6666666666666667,3.6333333333333333,10.866666666666667,0.3409090909090909
ok,seminole,7172,34254,2.0,4.0,9.0,0.2
ok,wagoner,9061,36245,1.6666666666666667,4.333333333333333,3.3333333333333335,0.42857142857142855
ok,washington,659,56275,1.7333333333333334,3.3666666666666667,17.066666666666666,0.6
ok,woodward,12162,51653,1.6,3.2,5.8,0.3333333333333333
ok,pawnee,2117,34000,1.8214285714285714,3.6785714285714284,10.107142857142858,0.22580645161290322
ok,mccurtain,504,30316,1.7857142857142858,3.4107142857142856,11.464285714285714,0.2413793103448276
ok,marshall,299,31123,1.9285714285714286,3.4642857142857144,6.214285714285714,0.3783783783783784
ok,kiowa,675,36218,1.6875,3.46875,10.8125,0.3137254901960784
ok,beaver,1404,54140,1.6,3.2,8.2,0.5882352941176471
ok,atoka,3131,29639,1.3333333333333333,4.0,4.0,0.42857142857142855
ok,adair,818,26217,1.75,3.3333333333333335,6.083333333333333,0.3076923076923077
ok,le flore,176,31273,1.875,3.3541666666666665,8.25,0.24489795918367346
ok,caddo,1082,33574,2.0,3.1,13.6,0.5555555555555556
ok,canadian,205,43656,1.6875,3.875,12.375,0.22535211267605634
ok,carter,239,42438,1.75,3.125,13.5,0.5714285714285714
ok,cherokee,1507,29129,1.8181818181818181,3.8181818181818183,4.636363636363637,0.2682926829268293
ok,choctaw,12624,30261,1.8082191780821917,3.1164383561643834,17.205479452054796,0.2693726937269373
ok,cleveland,3148,42448,1.6923076923076923,3.269230769230769,6.3076923076923075,0.6190476190476191
ok,comanche,1567,37682,1.5,2.125,3.25,0.8
ok,delaware,404,29398,1.8,3.25,9.0,0.5263157894736842
ok,dewey,3406,44761,1.8571428571428572,3.2142857142857144,11.571428571428571,0.5833333333333334
ok,garvin,254,38125,1.8888888888888888,3.111111111111111,7.0,0.5294117647058824
ok,haskell,1923,34161,1.75,3.1375,14.675,0.2857142857142857
ok,jefferson,8,35341,1.76,3.38,5.64,0.2777777777777778
ok,kingfisher,4924,46789,1.9230769230769231,3.4615384615384617,14.615384615384615,0.25
or,yamhill,1172,37891,1.8888888888888888,3.425925925925926,33.55555555555556,0.28125
or,wheeler,437,33404,1.6666666666666667,3.9166666666666665,28.166666666666668,0.6666666666666666
or,wallowa,817,40506,1.875,3.25,9.75,0.6666666666666666
or,union,2212,35343,1.4,3.9,16.2,0.8333333333333334
or,umatilla,7171,33773,1.5,2.6875,11.75,0.5333333333333333
or,tillamook,5311,37857,2.0,2.875,47.75,0.5714285714285714
or,jefferson,3366,29736,1.4,3.15,29.6,0.6666666666666666
or,hood river,7806,44061,2.0,4.0,60.583333333333336,0.5454545454545454
or,wasco,393,38229,1.75,4.25,28.5,0.8888888888888888
pa,crawford,929,36513,1.74,3.43,12.7,0.25510204081632654
pa,lawrence,7561,38684,1.8571428571428572,3.357142857142857,25.367346938775512,0.3769230769230769
pa,clarion,3909,37115,1.5714285714285714,3.5,12.857142857142858,0.7777777777777778
pa,schuylkill,8641,36707,1.8356164383561644,3.212328767123288,23.91780821917808,0.26691042047531993
pa,elk,1703,42356,1.7073170731707317,3.8658536585365852,12.439024390243903,0.3253968253968254
pa,venango,831,37164,1.7692307692307692,3.8846153846153846,17.53846153846154,0.2549019607843137
pa,susquehanna,1859,38806,1.75,3.75,5.0,0.4444444444444444
pa,cambria,5738,37901,1.763157894736842,3.736842105263158,12.078947368421053,0.2222222222222222
pa,mercer,1068,36836,1.7272727272727273,3.272727272727273,8.363636363636363,0.6875
pa,clinton,2795,35673,1.8181818181818181,2.8181818181818183,39.81818181818182,0.7857142857142857
pa,lehigh,486,46517,1.8601398601398602,3.3566433566433567,27.426573426573427,0.18499353169469598
pa,montour,1295,49530,1.7741935483870968,3.4516129032258065,16.870967741935484,0.36046511627906974
pa,tioga,954,36578,1.75,3.375,5.0,0.5
pa,luzerne,5903,39311,1.75,3.125,24.5,0.8
pa,montgomery,6222,69983,1.8125,3.78125,14.75,0.48484848484848486
pa,carbon,370,42613,1.7933884297520661,3.152892561983471,23.00826446280992,0.26304347826086955
pa,armstrong,2854,40751,1.7956989247311828,3.360215053763441,20.78494623655914,0.26571428571428574
pa,delaware,1552,55959,1.8256880733944953,2.9724770642201834,36.678899082568805,0.2411504424778761
pa,fayette,3587,37370,1.831858407079646,3.274336283185841,24.734513274336283,0.2749391727493917
pa,clearfield,2561,38657,1.625,4.0,15.0,0.8888888888888888
pa,fulton,3181,37895,1.6825396825396826,3.373015873015873,15.984126984126984,0.23595505617977527
pa,somerset,12184,36771,1.4285714285714286,3.607142857142857,12.0,0.875
pa,sullivan,1455,41880,1.8113207547169812,3.6037735849056602,12.716981132075471,0.2676767676767677
pa,mckean,4347,41117,1.8571428571428572,3.25,26.5,0.5384615384615384
pa,northampton,39231,46336,1.7647058823529411,2.764705882352941,24.470588235294116,0.8947368421052632
pa,lebanon,25902,41174,1.5454545454545454,2.9545454545454546,15.454545454545455,0.28205128205128205
pa,blair,4502,39921,1.6785714285714286,3.4642857142857144,15.357142857142858,0.2814070351758794
pa,bradford,8280,37530,2.0,3.357142857142857,5.428571428571429,0.7777777777777778
pa,columbia,1164,36304,1.75,3.375,21.25,0.8
pa,beaver,970,41977,1.75,3.5,11.5,0.6666666666666666
pa,adams,1847,43154,1.8058252427184467,3.2184466019417477,21.57281553398058,0.3056379821958457
pa,butler,12993,50199,1.9090909090909092,3.090909090909091,15.727272727272727,0.6470588235294118
pa,chester,33909,72118,1.7857142857142858,2.642857142857143,51.42857142857143,0.4666666666666667
pa,erie,96471,39260,1.9285714285714286,3.6785714285714284,25.071428571428573,0.27450980392156865
pa,lancaster,59420,44259,2.0,3.8214285714285716,47.642857142857146,0.2222222222222222
pa,mifflin,912,34289,1.3636363636363635,3.3636363636363638,8.363636363636363,0.5
pa,philadelphia,1584138,49341,1.8267716535433072,2.7283464566929134,45.2992125984252,0.26024590163934425
pa,union,9835,35578,1.7843137254901962,3.5294117647058822,13.313725490196079,0.2537313432835821
pa,warren,9124,41523,1.75,3.125,10.25,0.6666666666666666
pa,washington,13508,50489,1.9411764705882353,3.2941176470588234,15.235294117647058,0.8095238095238095
pa,franklin,6078,40966,1.7142857142857142,3.75,11.142857142857142,0.35
pa,cumberland,6256,48865,1.744360902255639,3.2218045112781954,22.55639097744361,0.3057471264367816
pa,allegheny,6536,52606,1.8363636363636364,3.4,21.39090909090909,0.26894865525672373
pa,york,44118,42911,1.9375,3.34375,16.9375,0.5
pa,centre,4255,41373,1.8095238095238095,3.7023809523809526,16.5,0.25301204819277107
pa,juniata,941,36266,1.5,2.25,22.0,0.3333333333333333
pa,jefferson,2050,38678,2.0,2.75,6.25,0.4
pa,potter,568,35073,1.6956521739130435,3.6956521739130435,10.565217391304348,0.19658119658119658
pa,greene,2369,41836,1.8585858585858586,3.287878787878788,23.747474747474747,0.27049180327868855
pa,wayne,1123,36740,2.0,3.40625,48.0,0.35555555555555557
pa,perry,331,38499,1.778688524590164,3.25,20.31967213114754,0.2824074074074074
pa,bedford,5172,36009,1.1666666666666667,3.0833333333333335,7.0,0.8571428571428571
pa,indiana,7168,35033,2.0,3.0,6.75,0.5714285714285714
ri,newport,24590,58825,1.8,3.4,29.066666666666666,0.15789473684210525
ri,providence,179335,42740,2.0,3.409090909090909,68.81818181818181,0.25
ri,bristol,22131,66397,2.0,2.0,17.0,0.3333333333333333
sc,lancaster,9175,37351,1.8461538461538463,3.423076923076923,11.615384615384615,0.18571428571428572
sc,laurens,8846,30681,1.8,3.3,6.4,0.7142857142857143
sc,lexington,21737,40433,1.8076923076923077,3.0384615384615383,20.23076923076923,0.2826086956521739
sc,mccormick,2346,30467,1.6666666666666667,3.0,5.333333333333333,0.631578947368421
sc,marion,6427,27284,1.7058823529411764,3.588235294117647,35.470588235294116,0.3953488372093023
sc,newberry,10337,33748,1.75,3.25,8.25,0.6666666666666666
sc,sumter,39656,34425,2.0,2.8636363636363638,11.545454545454545,0.6470588235294118
sc,saluda,3632,30675,1.7605633802816902,2.992957746478873,13.577464788732394,0.2689393939393939
sc,spartanburg,37644,38173,1.9285714285714286,3.3214285714285716,11.428571428571429,0.3783783783783784
sc,union,7764,29080,2.0,3.5,9.538461538461538,0.325
sc,york,8235,39488,1.7746478873239437,3.1056338028169015,24.492957746478872,0.2751937984496124
sc,orangeburg,12903,29671,1.8,2.6,10.333333333333334,0.6
sc,pickens,3164,33246,1.7567567567567568,3.2837837837837838,14.08108108108108,0.2740740740740741
sc,greenwood,23407,33035,2.0,3.25,7.666666666666667,0.5454545454545454
sc,allendale,2979,26617,1.7777777777777777,3.0555555555555554,18.066666666666666,0.20089285714285715
sc,hampton,2531,27252,1.6428571428571428,3.2857142857142856,25.642857142857142,0.5384615384615384
sc,aiken,30778,36900,1.8125,2.90625,10.625,0.6666666666666666
sc,anderson,27380,34814,1.9230769230769231,3.5384615384615383,12.23076923076923,0.35135135135135137
sc,bamberg,3237,30041,1.7142857142857142,2.7857142857142856,14.535714285714286,0.2978723404255319
sc,barnwell,4367,29978,1.7857142857142858,2.9285714285714284,10.642857142857142,0.5833333333333334
sc,beaufort,13357,48552,1.8666666666666667,3.3,19.866666666666667,0.6
sc,charleston,136208,50970,1.951219512195122,3.1341463414634148,45.4390243902439,0.19158878504672897
sc,abbeville,5043,29583,1.5384615384615385,3.0,5.153846153846154,0.5416666666666666
sc,chesterfield,1420,26476,1.8,2.7,4.2,0.2777777777777778
sc,darlington,5928,32571,1.6875,2.53125,26.3125,0.6666666666666666
sc,dillon,6367,24259,1.5454545454545454,2.409090909090909,39.45454545454545,0.7333333333333333
sc,edgefield,4769,30301,1.8387096774193548,3.0806451612903225,15.0,0.28440366972477066
sc,florence,37625,36050,1.8823529411764706,3.8823529411764706,28.176470588235293,0.3148148148148148
sc,george,8779,39576,2.0,2.125,7.0,0.5
sc,greenville,68563,42283,1.8214285714285714,3.3214285714285716,19.857142857142858,0.2828282828282828
sc,chester,5393,29578,1.5,2.4166666666666665,4.666666666666667,0.6666666666666666
sd,jones,65,55988,1.6,3.8666666666666667,9.333333333333334,0.5172413793103449
sd,hamlin,247,37292,1.7333333333333334,3.5,5.6,0.42857142857142855
sd,campbell,17,48335,2.0,3.875,5.5,0.4444444444444444
sd,hanson,277,64369,1.6875,3.84375,10.6875,0.5
sd,turner,182,56665,1.7878787878787878,3.696969696969697,17.666666666666668,0.3402061855670103
sd,miner,33,39964,1.6153846153846154,4.115384615384615,8.384615384615385,0.325
sd,sully,22,79150,1.7857142857142858,3.892857142857143,4.714285714285714,0.6086956521739131
sd,spink,252,54583,1.3333333333333333,4.166666666666667,4.0,0.5
sd,day,92,43932,1.75,3.6666666666666665,4.666666666666667,0.35294117647058826
sd,butte,2,34482,1.6666666666666667,3.5833333333333335,9.541666666666666,0.2891566265060241
sd,lawrence,562,44036,1.793103448275862,3.5775862068965516,21.603448275862068,0.25217391304347825
sd,lake,50,52731,1.875,3.71875,17.03125,0.34782608695652173
sd,union,55,85959,2.0,3.2333333333333334,82.46666666666667,0.32608695652173914
sd,aurora,789,46881,1.75,3.4375,4.625,0.8888888888888888
sd,brookings,24509,42256,1.6666666666666667,3.5,4.333333333333333,0.9
sd,buffalo,352,22380,1.0,2.75,2.5,1.0
sd,clark,1065,51723,1.6923076923076923,3.3846153846153846,5.3076923076923075,0.325
sd,custer,1935,42449,1.8461538461538463,4.038461538461538,18.76923076923077,0.65
sd,jackson,160,25520,1.8611111111111112,2.8402777777777777,25.25,0.26181818181818184
sd,gregory,1249,41688,1.6363636363636365,3.772727272727273,9.0,0.39285714285714285
sd,tripp,632,47143,1.6153846153846154,4.384615384615385,9.0,0.26
sd,yankton,14700,43366,1.8571428571428572,3.357142857142857,5.142857142857143,1.0
sd,grant,125,56042,1.7692307692307692,3.730769230769231,5.153846153846154,0.37142857142857144
sd,lincoln,1331,59375,1.8125,3.84375,13.53125,0.2962962962962963
sd,brule,133,45980,1.6153846153846154,3.5,8.76923076923077,0.65
sd,mellette,217,28391,1.6666666666666667,3.2083333333333335,4.583333333333333,0.6
tn,obion,1051,36817,1.6363636363636365,3.6363636363636362,5.545454545454546,0.4230769230769231
tn,unicoi,3577,33592,1.75,3.5,18.25,0.5517241379310345
tn,rutherford,1075,36450,1.6666666666666667,3.6666666666666665,5.166666666666667,0.46153846153846156
tn,loudon,5809,41723,1.75,3.71875,8.1875,0.5925925925925926
tn,henderson,6315,32020,1.8666666666666667,3.6,17.533333333333335,0.2777777777777778
tn,henry,465,37799,1.8,3.0,6.2,0.8333333333333334
tn,jackson,66903,27859,1.875,3.25,19.25,0.43243243243243246
tn,gibson,396,35101,2.0,3.0,1.6666666666666667,0.5
tn,franklin,80914,34251,2.0,3.65625,41.0,0.21621621621621623
tn,dyer,2216,36791,1.7,3.45,2.7,0.5263157894736842
tn,dickson,15583,34521,1.7142857142857142,2.7857142857142856,12.642857142857142,0.875
tn,benton,1271,29948,1.6,3.8,7.0,0.7142857142857143
tn,decatur,1647,39001,1.375,3.8125,6.625,0.4444444444444444
tx,pecos,10254,33746,2.0,2.5625,13.375,0.4
tx,parker,4802,48793,2.0,3.8125,26.625,0.32
tx,orange,18484,40402,1.8461538461538463,3.1923076923076925,5.923076923076923,0.4482758620689655
tx,newton,2359,28988,1.4285714285714286,3.357142857142857,4.285714285714286,0.4375
tx,navarro,210,34722,1.7,3.2,10.0,0.8333333333333334
tx,nacogdoches,33542,34203,1.6923076923076923,2.8846153846153846,14.461538461538462,0.8125
tx,menard,1398,34927,1.2222222222222223,3.5,8.333333333333334,0.1232876712328767
tx,midland,142344,119448,1.9473684210526316,3.1578947368421053,16.157894736842106,0.24050632911392406
tx,presidio,3991,37989,1.6666666666666667,4.166666666666667,21.333333333333332,0.23076923076923078
tx,marion,1187,35642,1.8803418803418803,2.8974358974358974,35.43589743589744,0.26773455377574373
tx,lubbock,255885,38807,1.71875,2.890625,21.40625,0.4
tx,llano,3537,43872,2.0,3.625,5.25,0.8
tx,live oak,15908,40604,1.9411764705882353,3.0294117647058822,19.0,0.3269230769230769
tx,liberty,9349,34237,1.7222222222222223,3.4722222222222223,8.277777777777779,0.3103448275862069
tx,montgomery,1034,64325,2.0,2.727272727272727,13.272727272727273,0.36666666666666664
tx,refugio,2771,45700,1.7826086956521738,3.1231884057971016,17.92753623188406,0.23469387755102042
tx,san patricio,382,42008,1.7627118644067796,3.0847457627118646,19.338983050847457,0.22692307692307692
tx,rusk,5580,36158,2.0,3.1,7.8,0.4166666666666667
tx,lampasas,7909,46015,1.9333333333333333,2.966666666666667,12.466666666666667,0.6521739130434783
tx,yoakum,5944,45913,1.8,3.95,6.7,0.3225806451612903
tx,wilson,484,41750,1.7419354838709677,2.9516129032258065,21.0,0.36470588235294116
tx,wheeler,1507,47936,1.588235294117647,3.8823529411764706,15.117647058823529,0.40476190476190477
tx,wharton,8654,40827,1.6666666666666667,3.3333333333333335,1.3333333333333333,0.375
tx,waller,3434,37688,1.6666666666666667,2.4166666666666665,9.0,0.42857142857142855
tx,victoria,67015,45847,1.8,3.466666666666667,11.466666666666667,0.5769230769230769
tx,rockwall,45112,52337,1.875,3.25,12.375,0.7272727272727273
tx,uvalde,16181,38661,2.0,3.125,6.0,0.5
tx,throckmorton,772,48822,1.7,3.35,4.3,0.24390243902439024
tx,terrell,18126,48732,1.375,2.6875,7.25,0.6666666666666666
tx,taylor,17167,44198,1.0,2.0,1.0,0.2
tx,sherman,42462,62704,1.7692307692307692,2.6538461538461537,14.076923076923077,0.5416666666666666
tx,scurry,761,49252,1.5,2.125,6.75,0.8
tx,san saba,3158,30997,2.0,4.25,6.0,0.4
tx,san augustine,1877,33653,1.68,2.86,10.28,0.3125
tx,trinity,2771,32491,1.6363636363636365,3.227272727272727,9.454545454545455,0.4074074074074074
tx,kenedy,3448,55325,1.4,3.3,3.0,0.4166666666666667
tx,tyler,105729,29980,1.9411764705882353,3.735294117647059,20.0,0.2833333333333333
tx,jones,2083,29005,1.7741935483870968,3.0161290322580645,12.387096774193548,0.4025974025974026
tx,crane,3680,48502,1.9411764705882353,3.264705882352941,17.58823529411765,0.22972972972972974
tx,comanche,4170,38180,1.8461538461538463,3.8461538461538463,11.0,0.21311475409836064
tx,coleman,4379,39495,2.0,2.0,8.0,0.2
tx,childress,6045,25793,1.6,3.1,10.7,0.9090909090909091
tx,cameron,5529,25830,1.6875,3.5,10.625,0.45714285714285713
tx,caldwell,4397,30028,1.3333333333333333,2.0,8.0,0.5
tx,burnet,6397,42809,2.0,3.125,8.0,0.8
tx,burleson,47282,40362,1.8571428571428572,3.0,22.428571428571427,0.4666666666666667
tx,crockett,6532,38419,1.8571428571428572,3.3392857142857144,9.964285714285714,0.2545454545454545
tx,brazoria,3112,44371,1.9166666666666667,3.375,7.0,0.27906976744186046
tx,blanco,2012,46215,1.6666666666666667,4.0,13.0,0.25
tx,bastrop,9420,31882,1.7777777777777777,3.0,11.444444444444445,0.75
tx,bandera,901,41112,1.6666666666666667,2.5,7.0,0.375
tx,bailey,301,43111,1.6666666666666667,3.125,8.0,0.6
tx,austin,964254,49031,1.8703703703703705,3.263888888888889,51.157407407407405,0.2541176470588235
tx,kaufman,7467,37453,1.565217391304348,2.8260869565217392,9.521739130434783,0.2169811320754717
tx,andrews,13762,53851,2.0,3.0,4.75,0.8
tx,anderson,234,30978,1.8461538461538463,3.173076923076923,18.192307692307693,0.2736842105263158
tx,bowie,5059,35508,1.7272727272727273,3.772727272727273,8.727272727272727,0.4230769230769231
tx,dallas,1345047,51830,1.91156462585034,3.227891156462585,41.42176870748299,0.1812577065351418
tx,mason,2264,43435,1.6666666666666667,3.0,2.3333333333333335,0.6
tx,denton,138541,48827,1.8666666666666667,3.3,20.333333333333332,0.40540540540540543
tx,jasper,7644,36848,1.4,3.1,5.6,0.5555555555555556
tx,dawson,797,31777,1.7916666666666667,3.0520833333333335,14.416666666666666,0.23529411764705882
tx,houston,2325502,33759,1.8689655172413793,3.217241379310345,33.9448275862069,0.17261904761904762
tx,hidalgo,14083,24244,2.0,3.825,11.9,0.425531914893617
tx,henderson,13280,36123,2.0,3.0,5.333333333333333,0.6
tx,hemphill,1239,95018,1.6666666666666667,4.833333333333333,2.6666666666666665,0.375
tx,hays,261,37440,2.0,2.9545454545454546,18.545454545454547,0.6875
tx,haskell,3242,34551,1.7,4.05,11.2,0.2564102564102564
tx,jefferson,1961,40555,1.8333333333333333,3.9166666666666665,7.166666666666667,0.42857142857142855
tx,hardin,913,41209,1.6842105263157894,3.473684210526316,7.842105263157895,0.3584905660377358
tx,gonzales,7606,42371,1.7777777777777777,4.055555555555555,4.0,0.75
tx,goliad,1976,44484,1.7142857142857142,3.157142857142857,8.685714285714285,0.25
tx,galveston,50457,48054,1.8518518518518519,2.888888888888889,52.333333333333336,0.2967032967032967
tx,franklin,1623,34871,2.0,3.8333333333333335,3.6666666666666665,0.6
tx,el paso,682669,31731,1.7272727272727273,3.0113636363636362,26.318181818181817,0.34108527131782945
tx,ector,726,47802,1.7857142857142858,2.892857142857143,13.642857142857142,0.45161290322580644
tx,eastland,3919,49212,2.0,3.6,7.6,0.8333333333333334
tx,dickens,264,29274,1.8333333333333333,3.6666666666666665,5.666666666666667,0.5
tx,hamilton,3016,52377,1.5,3.3125,6.125,0.6153846153846154
ut,washington,27686,31163,1.7857142857142858,4.214285714285714,65.5,0.19444444444444445
ut,tooele,35251,31564,2.0,4.0,10.714285714285714,0.7777777777777778
ut,morgan,4260,43876,1.8217821782178218,3.094059405940594,34.881188118811885,0.255050505050505
ut,emery,268,29448,1.7058823529411764,4.0588235294117645,20.176470588235293,0.3148148148148148
ut,duchesne,1770,40706,1.6666666666666667,3.1666666666666665,5.666666666666667,0.375
ut,beaver,3104,33748,1.5,3.5,32.4,1.0
ut,uintah,1342,34107,1.7894736842105263,2.9210526315789473,27.63157894736842,0.9047619047619048
va,hampton,134313,39178,1.7741935483870968,2.8870967741935485,21.93548387096774,0.27927927927927926
va,louisa,1702,36872,2.0,3.8333333333333335,27.0,0.5
va,madison,243,46222,2.0,3.75,35.5,0.36363636363636365
va,newport news,178626,39042,1.819047619047619,2.795238095238095,28.742857142857144,0.3181818181818182
va,norfolk,244076,37569,1.8867924528301887,2.6320754716981134,34.62264150943396,0.3231707317073171
va,orange,5049,42996,2.0,4.0,12.5,0.2857142857142857
va,portsmouth,94632,37238,1.9189189189189189,2.8378378378378377,40.567567567567565,0.3008130081300813
va,roanoke,99920,39649,1.9411764705882353,3.8529411764705883,29.11764705882353,0.2463768115942029
va,richmond,228783,32032,1.9076923076923078,2.9846153846153847,32.8,0.2968036529680365
va,shenandoah,2339,39354,1.3333333333333333,4.0,23.666666666666668,0.15789473684210525
va,suffolk,91185,46071,1.8387096774193548,2.693548387096774,29.741935483870968,0.29245283018867924
va,tazewell,4194,34146,1.6666666666666667,3.5,10.222222222222221,0.3
va,virginia beach,450189,50719,1.7882352941176471,2.6882352941176473,30.694117647058825,0.2814569536423841
va,pulaski,8726,35624,1.8333333333333333,3.1666666666666665,13.5,0.75
va,halifax,1224,32437,1.8,2.8,4.4,0.5
va,surry,220,37898,1.8461538461538463,2.8173076923076925,28.557692307692307,0.29545454545454547
va,floyd,439,33906,2.0,4.088235294117647,17.176470588235293,0.2361111111111111
va,culpeper,18619,40439,1.7142857142857142,3.2857142857142856,8.428571428571429,0.7
va,chesapeake,242634,45248,1.7752808988764044,2.730337078651685,35.58426966292135,0.28434504792332266
va,buchanan,1171,32044,1.5,2.8333333333333335,31.666666666666668,0.6666666666666666
va,appomattox,1792,33792,1.736842105263158,3.473684210526316,17.473684210526315,0.2857142857142857
va,amherst,2185,32995,1.6551724137931034,3.4482758620689653,17.17241379310345,0.3670886075949367
va,franklin,8013,35700,1.7851239669421488,2.6363636363636362,22.132231404958677,0.275626423690205
vt,addison,1337,45709,2.0,4.0,14.125,0.5714285714285714
vt,rutland,15325,45885,1.6153846153846154,2.8076923076923075,21.53846153846154,0.7222222222222222
vt,essex,21911,32250,2.0,3.9,51.733333333333334,0.2777777777777778
vt,franklin,1434,41083,1.7840909090909092,3.414772727272727,21.022727272727273,0.2146341463414634
vt,washington,1016,51829,1.625,3.0,10.875,0.6153846153846154
vt,orange,1105,42116,1.6,3.0,14.3,0.6666666666666666
vt,bennington,15002,47187,1.5454545454545454,3.272727272727273,12.181818181818182,0.6875
vt,chittenden,1190,54081,1.8636363636363635,3.909090909090909,21.681818181818183,0.23404255319148937
vt,windham,401,45232,1.9,4.0,11.5,0.38461538461538464
vt,windsor,3348,51248,1.4,3.9,14.2,0.2777777777777778
vt,grand isle,2092,52279,1.6363636363636365,3.3181818181818183,16.272727272727273,0.6875
wa,yakima,93884,37846,2.0,3.409090909090909,39.18181818181818,0.2682926829268293
wa,spokane,219190,40028,1.78125,3.078125,40.375,0.3137254901960784
wa,walla walla,32986,39426,1.9166666666666667,3.8333333333333335,27.583333333333332,0.5
wa,pacific,7219,37554,1.7666666666666666,2.683333333333333,39.56666666666667,0.38961038961038963
wa,garfield,618,40606,1.7857142857142858,3.357142857142857,20.0,0.7777777777777778
wa,chelan,4222,45101,1.625,3.8125,20.875,0.25806451612903225
wa,snohomish,10185,46896,1.8727272727272728,3.2181818181818183,43.78181818181818,0.2644230769230769
wa,kittitas,1493,37142,1.6,3.0,30.4,0.8333333333333334
wa,okanogan,2591,36553,1.2857142857142858,2.7857142857142856,11.0,0.7777777777777778
wa,asotin,1294,40377,1.6428571428571428,2.7857142857142856,19.0,0.7777777777777778
wi,rusk,411,38750,1.625,3.5416666666666665,4.291666666666667,0.17142857142857143
wi,lafayette,5979,41854,1.9230769230769231,3.8846153846153846,14.692307692307692,0.5
wi,grant,930,38957,1.7555555555555555,3.8333333333333335,13.11111111111111,0.30201342281879195
wi,dane,1047,52153,1.8444444444444446,3.2555555555555555,25.42222222222222,0.34615384615384615
wi,dunn,5250,36749,2.0,4.125,38.166666666666664,0.18181818181818182
wi,burnett,862,37463,1.6666666666666667,3.1666666666666665,5.0,0.375
wi,washington,716,49977,1.8888888888888888,3.888888888888889,7.0,0.6428571428571429
wi,florence,1951,48797,1.375,3.6875,7.875,0.8
wi,calumet,1483,44584,1.8,3.4,12.745454545454546,0.2391304347826087
wi,forest,1082,35826,1.6428571428571428,4.017857142857143,8.678571428571429,0.19444444444444445
wi,marquette,537,36369,1.0,4.0,1.0,0.4
wi,pierce,818,41714,1.8275862068965518,3.2011494252873565,22.160919540229884,0.2620481927710843
wi,langlade,449,38889,1.7241379310344827,3.7241379310344827,7.206896551724138,0.24786324786324787
wi,buffalo,695,40637,1.6666666666666667,3.7916666666666665,12.5,0.6
wi,marathon,1105,43801,1.8823529411764706,3.7941176470588234,14.411764705882353,0.6296296296296297
wi,douglas,728,37422,1.7647058823529411,3.6911764705882355,19.0,0.21794871794871795
wi,oneida,4746,44723,1.9,3.5,20.466666666666665,0.3225806451612903
wi,pepin,717,43359,2.0,3.75,6.0,0.2857142857142857
wi,richland,1259,38365,1.7857142857142858,3.5,7.642857142857143,0.7368421052631579
wi,rock,3211,38799,1.835164835164835,3.0934065934065935,20.175824175824175,0.2708333333333333
wi,dodge,403,40794,1.7692307692307692,3.5384615384615383,12.153846153846153,0.5909090909090909
wi,trempealeau,1880,40883,2.0,4.0,27.0,0.2857142857142857
wi,walworth,1713,41674,2.0,3.125,78.375,0.6153846153846154
wi,polk,4006,40951,1.875,3.4375,9.375,0.6956521739130435
wi,vernon,7678,36839,1.6666666666666667,3.0833333333333335,6.333333333333333,0.75
wi,wood,759,41025,1.6666666666666667,3.1785714285714284,9.19047619047619,0.328125
wi,price,221,41312,1.625,3.6041666666666665,5.333333333333333,0.14814814814814814
wi,vilas,229,45830,2.0,3.6666666666666665,64.66666666666667,0.75
wi,chippewa,367,41329,1.9230769230769231,3.769230769230769,15.846153846153847,0.48148148148148145
wi,jackson,986,40515,2.0,3.5384615384615383,11.846153846153847,0.5
wi,adams,1895,34448,1.5,3.25,4.0,0.5
wi,ashland,7897,35419,1.7142857142857142,3.857142857142857,6.428571428571429,0.4375
wi,barron,3321,42944,1.875,3.625,10.625,0.20512820512820512
wi,bayfield,477,41456,2.0,3.625,8.875,0.5
wi,brown,274,46364,1.8627450980392157,3.4607843137254903,16.686274509803923,0.24401913875598086
wi,eau claire,68866,42914,1.875,3.59375,18.375,0.4444444444444444
wi,fond du lac,42959,42235,1.75,3.5625,8.875,0.6666666666666666
wi,lincoln,298,39220,1.0,3.6666666666666665,5.666666666666667,0.5
wi,jefferson,8034,39794,2.0,3.0,8.5,0.4
wi,juneau,2658,33641,1.6923076923076923,3.1923076923076925,7.153846153846154,0.52
wi,kenosha,100164,40171,1.9411764705882353,3.264705882352941,13.823529411764707,0.4722222222222222
wi,green lake,958,43012,1.6,3.5,2.6,0.3125
wi,la crosse,51567,43802,1.8823529411764706,3.7058823529411766,18.58823529411765,0.4473684210526316
wi,waupaca,5896,41358,1.8333333333333333,3.9166666666666665,6.0,0.5454545454545454
wi,kewaunee,2848,43908,1.3333333333333333,3.75,8.333333333333334,0.4
wi,washburn,2047,42461,1.6666666666666667,4.0,7.333333333333333,0.5
wi,sheboygan,48180,45449,1.8333333333333333,2.9166666666666665,11.333333333333334,0.75
wi,racine,77432,42596,1.9333333333333333,2.966666666666667,14.733333333333333,0.625
wi,waukesha,72549,62113,1.9333333333333333,3.3333333333333335,25.066666666666666,0.30612244897959184
wi,oconto,4517,40612,1.6666666666666667,3.25,6.25,0.5217391304347826
wi,monroe,10567,36355,1.7857142857142858,3.642857142857143,13.714285714285714,0.7368421052631579
wi,marinette,10608,39004,1.875,2.9375,8.5,0.8
wi,manitowoc,32627,43040,1.875,3.1875,11.125,0.8
wi,portage,10437,39883,1.8333333333333333,3.25,11.666666666666666,0.75
wi,milwaukee,592025,42118,1.8363636363636364,3.0,38.345454545454544,0.30726256983240224
wv,wayne,1392,29049,1.9375,3.5,13.5,0.42105263157894735
wv,morgan,30955,30670,1.8157894736842106,3.526315789473684,16.789473684210527,0.2992125984251969
wv,mason,938,28756,1.7142857142857142,3.3214285714285716,13.285714285714286,0.5833333333333334
wv,logan,1511,32521,2.0,3.0,4.0,0.2857142857142857
wy,laramie,32473,49426,1.6666666666666667,3.5,23.555555555555557,0.6923076923076923
wy,sheridan,17849,53543,1.7777777777777777,3.4166666666666665,15.444444444444445,0.8181818181818182
