,State,City,Pop,PCI,Hp total,price,rating,review,Total,Hp perc
0,ak,juneau city and borough,32113,"62,774",2,3.0,3.5,11.0,17.0,0.11764705882352941
1,ak,anchorage municipality,291538,"61,425",10,3.1,3.6,22.9,200.0,0.05
2,al,tuscaloosa,101113,"35,365",1,3.0,3.5,18.0,48.0,0.020833333333333332
3,al,talladega,15291,"30,917",12,3.0833333333333335,3.25,12.166666666666666,310.0,0.03870967741935484
4,al,butler,1739,"32,862",1,3.0,5.0,8.0,11.0,0.09090909090909091
5,al,mobile,189572,"34,661",4,3.0,3.5,8.75,143.0,0.027972027972027972
6,al,fayette,4327,"30,747",1,3.0,3.5,18.0,64.0,0.015625
7,al,geneva,4335,"30,997",1,3.0,4.0,5.0,22.0,0.045454545454545456
8,al,madison,50440,"45,274",3,3.3333333333333335,3.8333333333333335,5.666666666666667,121.0,0.024793388429752067
9,al,marion,3252,"29,422",1,3.0,3.5,18.0,75.0,0.013333333333333334
10,al,franklin,126,"30,044",2,3.0,4.0,5.5,145.0,0.013793103448275862
11,ar,van buren,23691,"29,374",2,3.0,2.25,7.0,12.0,0.16666666666666666
12,ar,searcy,23768,"26,785",1,3.0,5.0,5.0,9.0,0.1111111111111111
13,ar,perry,274,"31,447",5,3.2,3.8,7.8,107.0,0.04672897196261682
14,ar,madison,696,"32,411",3,3.0,3.8333333333333335,9.0,97.0,0.030927835051546393
15,ar,lincoln,2474,"24,404",2,3.0,4.25,10.0,93.0,0.021505376344086023
16,ar,garland,239,"35,645",6,3.1666666666666665,3.6666666666666665,16.666666666666668,204.0,0.029411764705882353
17,ar,bradley,528,"34,423",4,3.25,3.875,11.25,105.0,0.0380952380952381
18,ar,johnson,3736,"27,625",1,3.0,4.5,5.0,36.0,0.027777777777777776
19,ca,tulare,64475,"37,121",3,3.0,4.0,5.666666666666667,96.0,0.03125
20,ca,san diego,1425976,"52,214",12,3.25,3.875,100.25,4100.0,0.002926829268292683
21,ca,sonoma,11248,"51,565",7,3.0,4.357142857142857,161.71428571428572,109.0,0.06422018348623854
22,ca,santa cruz,64725,"56,549",7,3.0,4.142857142857143,142.71428571428572,362.0,0.019337016574585635
23,ca,santa clara,129488,"79,055",8,3.125,4.25,47.75,1300.0,0.006153846153846154
24,ca,santa barbara,91350,"53,758",16,3.125,4.3125,37.3125,336.0,0.047619047619047616
25,ca,san mateo,105025,"93,765",10,3.0,3.9,75.6,669.0,0.014947683109118086
26,ca,san luis obispo,47446,"48,532",5,3.2,4.5,35.8,135.0,0.037037037037037035
27,ca,san francisco,883305,"99,990",20,3.15,4.375,207.35,3500.0,0.005714285714285714
28,ca,ventura,111128,"53,031",7,3.2857142857142856,3.642857142857143,16.714285714285715,454.0,0.015418502202643172
29,ca,tehama,421,"36,005",3,3.3333333333333335,4.333333333333333,18.333333333333332,182.0,0.016483516483516484
30,ca,sacramento,508529,"45,187",9,3.111111111111111,4.333333333333333,106.11111111111111,2300.0,0.00391304347826087
31,ca,riverside,330063,"34,753",5,3.2,4.4,351.4,3000.0,0.0016666666666666668
32,ca,alameda,78338,"59,085",8,3.0,4.6875,47.75,950.0,0.008421052631578947
33,ca,san bernardino,215941,"34,320",6,3.0,2.75,70.0,571.0,0.010507880910683012
34,ca,fresno,530093,"37,434",10,3.1,3.7,46.2,487.0,0.02053388090349076
35,ca,imperial,17695,"32,890",2,3.0,3.5,12.0,10.0,0.2
36,ca,los angeles,3990456,"52,233",20,3.15,4.325,128.45,11900.0,0.0016806722689075631
37,ca,monterey,28289,"47,557",10,3.2,4.1,70.3,247.0,0.04048582995951417
38,ca,napa,79263,"59,563",17,3.0588235294117645,4.029411764705882,102.3529411764706,289.0,0.058823529411764705
39,ca,orange,139484,"57,165",10,3.1,4.2,154.0,1100.0,0.00909090909090909
40,ca,madera,65706,"35,754",14,3.0,3.6785714285714284,24.785714285714285,466.0,0.030042918454935622
41,co,montezuma,68,"39,527",5,3.0,4.3,27.4,40.0,0.125
42,co,pueblo,111750,"33,932",1,4.0,1.0,1.0,41.0,0.024390243902439025
43,co,pitkin,72,"126,611",10,3.2,4.05,15.2,75.0,0.13333333333333333
44,co,ouray,1010,"51,437",1,3.0,4.5,36.0,5.0,0.2
45,co,montrose,19512,"34,155",2,3.0,4.0,8.5,10.0,0.2
46,co,kiowa,757,"52,054",15,3.1333333333333333,4.133333333333334,53.6,3100.0,0.004838709677419355
47,co,gunnison,6594,"40,429",3,3.0,3.6666666666666665,9.333333333333334,28.0,0.10714285714285714
48,co,dolores,958,"33,107",1,3.0,5.0,2.0,5.0,0.2
49,co,denver,716492,"68,046",13,3.1538461538461537,4.038461538461538,55.76923076923077,2900.0,0.004482758620689655
50,co,delta,8920,"33,209",4,3.0,4.5,5.75,89.0,0.0449438202247191
51,co,crowley,167,"18,464",1,4.0,1.0,1.0,31.0,0.03225806451612903
52,ct,windham,24706,"41,381",1,3.0,4.0,42.0,46.0,0.021739130434782608
53,ct,tolland,14655,"50,980",1,3.0,4.0,42.0,18.0,0.05555555555555555
54,ct,litchfield,8127,"56,884",4,3.25,3.75,28.5,22.0,0.18181818181818182
55,ct,new haven,130418,"50,286",7,3.2857142857142856,4.071428571428571,17.857142857142858,215.0,0.03255813953488372
56,ct,new london,26939,"51,200",1,3.0,4.0,4.0,69.0,0.014492753623188406
57,ct,hartford,122587,"57,564",8,3.0,3.5625,16.125,260.0,0.03076923076923077
58,ct,fairfield,61952,"102,612",10,3.0,4.0,10.8,165.0,0.06060606060606061
59,de,new castle,5529,"49,300",4,3.0,4.125,18.75,84.0,0.047619047619047616
60,fl,sarasota,57738,"54,984",20,3.25,3.55,17.05,500.0,0.04
61,fl,seminole,18866,"41,339",3,3.3333333333333335,3.8333333333333335,17.333333333333332,297.0,0.010101010101010102
62,fl,palm beach,8802,"66,126",8,3.125,3.75,18.25,230.0,0.034782608695652174
63,fl,madison,2797,"28,449",3,3.3333333333333335,3.8333333333333335,15.333333333333334,78.0,0.038461538461538464
64,fl,lee,328,"44,543",1,3.0,2.5,16.0,47.0,0.02127659574468085
65,fl,okeechobee,5731,"28,601",1,3.0,5.0,1.0,6.0,0.16666666666666666
66,ga,jefferson,11704,"28,456",1,3.0,5.0,3.0,57.0,0.017543859649122806
67,ga,lumpkin,1197,"31,917",8,3.25,4.0625,8.625,144.0,0.05555555555555555
68,ga,mitchell,193,"29,523",5,3.0,3.4,4.0,198.0,0.025252525252525252
69,ga,monroe,13573,"39,206",1,4.0,1.0,4.0,9.0,0.1111111111111111
70,ga,morgan,1846,"41,424",1,4.0,3.0,1.0,32.0,0.03125
71,ga,oglethorpe,1159,"34,291",5,3.0,4.2,9.4,103.0,0.04854368932038835
72,ga,pulaski,269,"25,958",1,3.0,3.5,12.0,20.0,0.05
73,ga,quitman,3703,"26,489",1,3.0,2.5,16.0,24.0,0.041666666666666664
74,ga,screven,761,"29,505",3,3.3333333333333335,2.8333333333333335,15.333333333333334,134.0,0.022388059701492536
75,ga,washington,4001,"31,659",5,3.0,3.3,3.2,278.0,0.017985611510791366
76,ga,white,722,"30,534",2,3.0,3.75,7.0,40.0,0.05
77,ga,macon,153095,"28,018",2,3.0,4.75,8.0,37.0,0.05405405405405406
78,ga,oconee,244,"55,452",6,3.1666666666666665,4.166666666666667,14.0,148.0,0.04054054054054054
79,ga,newton,579,"29,625",1,4.0,3.0,1.0,26.0,0.038461538461538464
80,ga,gordon,1882,"30,915",4,3.0,4.25,7.75,90.0,0.044444444444444446
81,ga,franklin,924,"32,534",12,3.4166666666666665,3.4583333333333335,8.333333333333334,1900.0,0.00631578947368421
82,ga,forsyth,4117,"54,651",3,3.0,4.833333333333333,5.666666666666667,60.0,0.05
83,ga,douglas,11616,"31,349",1,3.0,2.5,16.0,30.0,0.03333333333333333
84,ga,decatur,25732,"31,946",1,3.0,4.0,61.0,179.0,0.00558659217877095
85,ga,dawson,4102,"37,402",1,4.0,3.0,1.0,35.0,0.02857142857142857
86,ga,crawford,832,"29,600",5,3.2,4.3,9.6,93.0,0.053763440860215055
87,ga,colquitt,1824,"27,507",1,4.0,3.0,1.0,92.0,0.010869565217391304
88,ga,cobb,346,"48,253",1,4.0,3.0,1.0,12.0,0.08333333333333333
89,ga,clayton,2183,"25,550",6,3.1666666666666665,3.4166666666666665,10.5,280.0,0.02142857142857143
90,ga,calhoun,16966,"21,655",1,4.0,5.0,3.0,10.0,0.1
91,ga,brooks,555,"31,146",3,3.0,3.8333333333333335,7.333333333333333,90.0,0.03333333333333333
92,ga,bartow,256,"33,267",12,3.25,3.75,9.666666666666666,579.0,0.02072538860103627
93,ga,baldwin,3384,"29,192",4,3.25,3.375,8.5,76.0,0.05263157894736842
94,hi,honolulu,347397,"50,988",17,3.1176470588235294,4.294117647058823,71.94117647058823,1000.0,0.017
95,ia,hamilton,133,"50,618",7,3.142857142857143,3.4285714285714284,7.285714285714286,131.0,0.05343511450381679
96,ia,greene,1068,"48,116",2,3.0,4.25,8.5,37.0,0.05405405405405406
97,ia,franklin,134,"50,235",1,4.0,4.5,8.0,16.0,0.0625
98,ia,floyd,318,"41,127",2,3.5,3.0,9.5,25.0,0.08
99,ia,hancock,195,"50,657",13,3.230769230769231,3.769230769230769,14.846153846153847,328.0,0.039634146341463415
100,ia,fayette,1374,"39,680",2,3.0,4.25,8.5,40.0,0.05
101,ia,des moines,216853,"46,007",8,3.25,3.875,8.5,217.0,0.03686635944700461
102,ia,delaware,151,"44,837",3,3.3333333333333335,4.0,11.333333333333334,120.0,0.025
103,ia,clinton,25184,"39,659",4,3.0,3.875,9.5,52.0,0.07692307692307693
104,ia,clayton,39,"44,107",1,3.0,4.0,18.0,47.0,0.02127659574468085
105,ia,cherokee,4900,"55,347",2,3.0,3.75,4.5,17.0,0.11764705882352941
106,ia,muscatine,23817,"42,450",2,3.0,4.75,4.5,5.0,0.4
107,ia,webster,71,"42,161",8,3.25,4.1875,15.625,203.0,0.03940886699507389
108,ia,washington,7309,"51,235",1,4.0,4.5,8.0,7.0,0.14285714285714285
109,ia,wapello,2026,"34,477",10,3.1,4.35,13.1,201.0,0.04975124378109453
110,ia,union,382,"37,907",1,4.0,5.0,3.0,6.0,0.16666666666666666
111,ia,tama,2745,"40,729",3,3.3333333333333335,4.5,6.666666666666667,51.0,0.058823529411764705
112,ia,shelby,616,"50,283",13,3.076923076923077,4.076923076923077,14.538461538461538,364.0,0.03571428571428571
113,ia,jefferson,4148,"37,397",8,3.125,3.6875,9.625,254.0,0.031496062992125984
114,ia,osceola,5193,"57,030",8,3.25,3.8125,8.125,187.0,0.0427807486631016
115,ia,monroe,1874,"38,175",9,3.2222222222222223,3.888888888888889,7.333333333333333,281.0,0.03202846975088968
116,ia,mitchell,131,"57,565",1,4.0,2.5,5.0,19.0,0.05263157894736842
117,ia,marshall,27068,"38,463",12,3.1666666666666665,3.6666666666666665,7.0,279.0,0.043010752688172046
118,ia,marion,39979,"40,851",2,3.0,4.5,13.0,72.0,0.027777777777777776
119,ia,lucas,209,"37,890",8,3.25,3.8125,9.625,188.0,0.0425531914893617
120,ia,plymouth,363,"52,006",1,4.0,2.5,5.0,7.0,0.14285714285714285
121,id,boise,228790,"36,229",8,3.0,4.4375,22.875,371.0,0.0215633423180593
122,id,twin falls,49764,"35,300",2,3.0,3.75,7.0,19.0,0.10526315789473684
123,id,jerome,11807,"37,126",2,3.0,3.75,7.0,23.0,0.08695652173913043
124,id,payette,7527,"35,582",13,3.076923076923077,3.8846153846153846,12.153846153846153,422.0,0.030805687203791468
125,id,gooding,3473,"58,373",2,3.0,3.75,7.0,30.0,0.06666666666666667
126,id,shoshone,1511,"33,851",2,3.0,3.75,7.0,33.0,0.06060606060606061
127,id,teton,733,"31,214",4,3.5,2.625,10.5,17.0,0.23529411764705882
128,id,minidoka,113,"35,533",1,3.0,1.0,1.0,4.0,0.25
129,il,scott,1235,"37,014",3,3.3333333333333335,2.6666666666666665,8.666666666666666,46.0,0.06521739130434782
130,il,franklin,2473,"34,652",2,3.0,3.5,12.5,51.0,0.0392156862745098
131,il,union,677,"37,679",15,3.3333333333333335,3.7666666666666666,19.6,503.0,0.02982107355864811
132,il,montgomery,637,"33,349",1,3.0,4.5,19.0,109.0,0.009174311926605505
133,il,morgan,345,"36,602",3,3.3333333333333335,2.6666666666666665,8.666666666666666,62.0,0.04838709677419355
134,il,lake,941,"68,199",19,3.0,3.973684210526316,72.05263157894737,5600.0,0.0033928571428571428
135,il,wabash,2152,"41,797",3,3.3333333333333335,4.333333333333333,14.0,76.0,0.039473684210526314
136,il,champaign,88029,"42,659",4,3.0,4.125,41.25,107.0,0.037383177570093455
137,il,dekalb,42611,"35,809",5,3.0,3.0,11.4,35.0,0.14285714285714285
138,il,fulton,3346,"33,854",4,3.0,3.875,9.5,33.0,0.12121212121212122
139,il,henry,2232,"42,246",8,3.0,3.8125,13.625,163.0,0.049079754601226995
140,il,johnson,644,"30,786",1,3.0,3.5,3.0,23.0,0.043478260869565216
141,il,kankakee,26052,"36,138",1,3.0,3.0,2.0,23.0,0.043478260869565216
142,il,mchenry,27022,"48,027",1,4.0,2.0,3.0,50.0,0.02
143,il,macon,1120,"44,811",2,3.0,3.25,3.0,15.0,0.13333333333333333
144,il,madison,3794,"40,943",7,3.2857142857142856,3.357142857142857,18.571428571428573,336.0,0.020833333333333332
145,il,douglas,157,"45,461",4,3.5,3.875,3.75,198.0,0.020202020202020204
146,il,marshall,3843,"42,080",2,3.0,4.75,7.5,25.0,0.08
147,il,peoria,111388,"46,148",5,3.0,3.0,17.0,80.0,0.0625
148,il,rock island,37678,"39,842",2,3.0,4.25,13.5,57.0,0.03508771929824561
149,il,boone,1934,"40,608",17,3.1176470588235294,3.9411764705882355,15.0,1800.0,0.009444444444444445
150,il,lee,308,"37,889",2,3.0,3.75,14.5,59.0,0.03389830508474576
151,il,bureau,233,"39,270",2,3.0,3.5,7.5,19.0,0.10526315789473684
152,il,brown,2054,"29,522",2,3.5,2.25,3.5,23.0,0.08695652173913043
153,il,lasalle,9064,"39,378",1,3.0,2.0,14.0,14.0,0.07142857142857142
154,il,wayne,66483,"40,354",17,3.1176470588235294,3.911764705882353,34.23529411764706,685.0,0.024817518248175182
155,il,richland,363,"39,787",1,3.0,5.0,1.0,14.0,0.07142857142857142
156,il,knox,4794,"36,417",4,3.0,3.625,21.0,151.0,0.026490066225165563
157,il,kendall,8946,"43,074",8,3.375,3.5625,24.625,860.0,0.009302325581395349
158,il,warren,1479,"36,696",7,3.142857142857143,4.071428571428571,23.428571428571427,270.0,0.025925925925925925
159,il,jersey,9823,"36,597",18,3.0555555555555554,4.166666666666667,19.666666666666668,1000.0,0.018
160,il,cass,601,"38,103",5,3.2,2.7,8.4,81.0,0.06172839506172839
161,il,edgar,449,"37,073",5,3.2,4.0,27.0,154.0,0.032467532467532464
162,il,lawrence,6355,"32,979",1,3.0,5.0,1.0,16.0,0.0625
163,il,pike,225,"39,140",3,3.6666666666666665,2.3333333333333335,3.3333333333333335,20.0,0.15
164,il,will,1805,"45,465",21,3.142857142857143,4.261904761904762,57.333333333333336,5400.0,0.0038888888888888888
165,il,jasper,1722,"42,512",2,3.0,5.0,5.5,49.0,0.04081632653061224
166,il,carroll,578,"40,981",2,3.0,4.5,10.5,144.0,0.013888888888888888
167,il,perry,574,"34,612",2,3.5,2.25,3.5,16.0,0.125
168,il,hardin,204,"34,034",18,3.111111111111111,4.027777777777778,15.38888888888889,945.0,0.01904761904761905
169,il,st. clair,35047,"39,740",13,3.076923076923077,4.1923076923076925,20.846153846153847,1000.0,0.013
170,il,logan,3104,"35,205",3,3.0,2.5,5.0,209.0,0.014354066985645933
171,il,monroe,1485,"50,446",20,3.05,4.1,18.75,1100.0,0.01818181818181818
172,il,mercer,3872,"40,702",7,3.0,4.357142857142857,23.857142857142858,164.0,0.042682926829268296
173,il,greene,1543,"34,501",11,3.272727272727273,3.090909090909091,15.727272727272727,373.0,0.029490616621983913
174,il,randolph,4447,"32,226",9,3.111111111111111,4.0,22.444444444444443,709.0,0.012693935119887164
175,il,sangamon,2333,"43,441",2,3.5,1.75,4.0,78.0,0.02564102564102564
176,in,ripley,985,"37,430",3,3.3333333333333335,3.5,18.333333333333332,384.0,0.0078125
177,in,vigo,3964,"34,509",2,3.0,4.75,7.5,49.0,0.04081632653061224
178,in,allen,670,"40,471",4,3.0,4.25,20.75,156.0,0.02564102564102564
179,in,randolph,4170,"35,269",4,3.25,4.125,5.5,168.0,0.023809523809523808
180,in,clark,2715,"40,151",3,3.0,4.0,56.666666666666664,503.0,0.005964214711729622
181,in,hendricks,1276,"42,937",12,3.1666666666666665,4.291666666666667,27.333333333333332,978.0,0.012269938650306749
182,in,vermillion,877,"35,532",6,3.0,3.9166666666666665,25.333333333333332,177.0,0.03389830508474576
183,in,fayette,2600,"35,734",4,3.0,4.0,11.75,119.0,0.03361344537815126
184,in,gibson,1168,"40,959",4,3.25,4.0,12.0,87.0,0.04597701149425287
185,in,floyd,4051,"47,171",9,3.0,3.6666666666666665,21.555555555555557,450.0,0.02
186,in,washington,12149,"33,987",5,3.4,3.8,7.6,97.0,0.05154639175257732
187,in,warren,1209,"42,455",5,3.2,3.5,11.8,184.0,0.02717391304347826
188,in,wabash,10054,"38,314",5,3.2,4.1,16.4,173.0,0.028901734104046242
189,in,tipton,5104,"40,206",1,3.0,4.0,9.0,6.0,0.16666666666666666
190,in,sullivan,4097,"31,374",3,3.0,4.833333333333333,5.333333333333333,48.0,0.0625
191,in,spencer,2248,"39,496",1,3.0,3.0,21.0,9.0,0.1111111111111111
192,in,porter,4825,"45,101",2,3.0,2.75,14.5,15.0,0.13333333333333333
193,in,morgan,976,"39,004",12,3.0,3.9583333333333335,24.416666666666668,982.0,0.012219959266802444
194,in,montgomery,347,"37,697",5,3.4,3.8,7.6,96.0,0.052083333333333336
195,in,marion,28047,"46,320",1,3.0,4.0,9.0,10.0,0.1
196,in,lawrence,49046,"34,913",20,3.1,4.1,18.65,530.0,0.03773584905660377
197,in,knox,3535,"41,101",1,3.0,3.0,13.0,7.0,0.14285714285714285
198,in,jasper,15568,"40,597",3,3.6666666666666665,3.6666666666666665,11.0,10.0,0.3
199,in,elkhart,52367,"38,511",2,3.5,3.0,2.5,31.0,0.06451612903225806
200,in,decatur,9843,"38,304",4,3.0,4.0,13.0,159.0,0.025157232704402517
201,in,clinton,4717,"34,936",2,3.0,4.75,7.5,25.0,0.08
202,in,wayne,952,"36,972",14,3.0,3.5,19.714285714285715,391.0,0.03580562659846547
203,in,jefferson,1131,"37,002",8,3.0,3.6875,20.5,151.0,0.052980132450331126
204,in,lagrange,2748,"34,987",9,3.2222222222222223,3.7777777777777777,17.88888888888889,290.0,0.03103448275862069
205,in,adams,34460,"35,449",5,3.6,4.1,13.2,164.0,0.03048780487804878
206,in,union,962,"34,404",3,3.0,4.333333333333333,10.333333333333334,56.0,0.05357142857142857
207,in,howard,2558,"36,841",9,3.0,4.222222222222222,25.88888888888889,665.0,0.013533834586466165
208,in,brown,2647,"40,633",1,3.0,4.5,36.0,792.0,0.0012626262626262627
209,in,henry,2934,"33,164",6,3.0,4.25,4.666666666666667,165.0,0.03636363636363636
210,in,delaware,3475,"32,666",15,3.066666666666667,3.7333333333333334,14.8,467.0,0.032119914346895075
211,in,jennings,1416,"34,177",2,3.0,4.0,6.0,148.0,0.013513513513513514
212,in,johnson,499,"42,691",3,3.3333333333333335,3.6666666666666665,15.666666666666666,88.0,0.03409090909090909
213,in,posey,3931,"45,646",3,3.3333333333333335,3.6666666666666665,15.666666666666666,76.0,0.039473684210526314
214,in,cass,338,"34,954",2,3.0,3.25,17.5,102.0,0.0196078431372549
215,in,miami,1273,"31,354",21,3.0952380952380953,4.095238095238095,56.0,2800.0,0.0075
216,in,jackson,532,"38,888",12,3.1666666666666665,3.75,18.583333333333332,344.0,0.03488372093023256
217,in,noble,1915,"34,625",7,3.4285714285714284,4.142857142857143,14.714285714285714,243.0,0.02880658436213992
218,in,lake,2433,"38,485",4,3.25,3.875,27.0,144.0,0.027777777777777776
219,in,perry,30956,"33,711",4,3.5,3.625,9.75,116.0,0.034482758620689655
220,in,clay,3540,"33,864",11,3.0,4.045454545454546,20.727272727272727,820.0,0.013414634146341463
221,in,harrison,4132,"37,177",2,3.0,4.75,7.5,24.0,0.08333333333333333
222,in,st. joseph,75633,"41,274",12,3.25,3.3333333333333335,11.083333333333334,265.0,0.045283018867924525
223,in,ohio,1930,"35,220",9,3.111111111111111,3.611111111111111,41.666666666666664,215.0,0.04186046511627907
224,in,tippecanoe,2357,"34,210",17,3.0588235294117645,3.4411764705882355,24.764705882352942,565.0,0.03008849557522124
225,in,boone,1446,"62,698",15,3.1333333333333333,4.1,22.266666666666666,965.0,0.015544041450777202
226,ks,lyon,523,"33,378",1,4.0,3.0,15.0,55.0,0.01818181818181818
227,ks,harvey,92,"38,197",7,3.0,4.142857142857143,12.857142857142858,196.0,0.03571428571428571
228,ks,neosho,263,"35,565",2,3.5,4.25,7.5,25.0,0.08
229,ks,pottawatomie,197,"48,438",4,3.25,3.25,10.25,85.0,0.047058823529411764
230,ks,crawford,590,"33,475",3,3.3333333333333335,3.1666666666666665,7.0,42.0,0.07142857142857142
231,ks,franklin,347,"37,003",4,3.25,3.625,8.25,43.0,0.09302325581395349
232,ks,clay,70,"39,251",1,3.0,3.5,12.0,52.0,0.019230769230769232
233,ks,scott,2265,"67,443",3,3.3333333333333335,3.6666666666666665,6.0,8.0,0.375
234,ks,grant,50,"51,243",2,3.5,3.0,2.0,12.0,0.16666666666666666
235,ks,sherman,537,"36,625",2,3.5,3.5,9.0,44.0,0.045454545454545456
236,ks,jefferson,614,"38,324",14,3.2142857142857144,4.178571428571429,18.571428571428573,820.0,0.01707317073170732
237,ks,douglas,108,"37,883",6,3.0,4.333333333333333,14.333333333333334,137.0,0.043795620437956206
238,ks,wabaunsee,521,"45,431",4,3.25,3.125,13.25,88.0,0.045454545454545456
239,ks,morris,24,"39,588",2,3.0,3.5,10.5,54.0,0.037037037037037035
240,ks,morton,439,"38,439",1,3.0,1.0,1.0,4.0,0.25
241,ks,sumner,157,"36,574",7,3.142857142857143,3.857142857142857,17.0,189.0,0.037037037037037035
242,ks,miami,545,"41,823",13,3.230769230769231,4.269230769230769,16.53846153846154,861.0,0.015098722415795587
243,ks,stanton,182,"55,496",18,3.1666666666666665,4.138888888888889,22.0,898.0,0.0200445434298441
244,ks,reno,1506,"36,148",3,3.0,4.333333333333333,11.0,113.0,0.02654867256637168
245,ks,haskell,1950,"74,156",2,3.5,3.0,2.0,12.0,0.16666666666666666
246,ks,nemaha,153,"50,505",2,3.0,3.5,10.5,39.0,0.05128205128205128
247,ks,osage,242,"36,926",3,3.3333333333333335,3.6666666666666665,9.0,132.0,0.022727272727272728
248,ks,labette,72,"37,052",2,3.5,3.5,9.0,61.0,0.03278688524590164
249,ks,kiowa,941,"31,897",1,3.0,3.5,6.0,2.0,0.5
250,ks,kingman,2906,"41,913",1,3.0,4.0,9.0,89.0,0.011235955056179775
251,ks,allen,174,"36,328",3,3.3333333333333335,3.3333333333333335,12.0,88.0,0.03409090909090909
252,ks,harper,1333,"44,958",6,3.0,4.083333333333333,15.333333333333334,164.0,0.036585365853658534
253,ks,cherokee,709,"32,957",2,3.5,3.5,9.0,43.0,0.046511627906976744
254,ks,atchison,10560,"33,996",1,3.0,4.0,4.0,41.0,0.024390243902439025
255,ks,greeley,296,"49,392",11,3.090909090909091,4.2272727272727275,18.727272727272727,559.0,0.01967799642218247
256,ks,linn,385,"32,225",2,3.0,3.5,10.5,37.0,0.05405405405405406
257,ks,jackson,451,"36,827",5,3.6,3.4,7.4,150.0,0.03333333333333333
258,ks,washington,1062,"43,948",2,3.0,3.5,10.5,22.0,0.09090909090909091
259,ks,wichita,389255,"83,074",7,3.0,4.071428571428571,12.571428571428571,175.0,0.04
260,ks,shawnee,65845,"41,498",10,3.1,4.0,20.7,573.0,0.017452006980802792
261,ks,riley,954,"38,338",2,3.0,3.5,10.5,43.0,0.046511627906976744
262,ks,meade,1565,"55,983",1,3.0,5.0,2.0,10.0,0.1
263,ks,marion,1787,"36,386",5,3.0,4.1,18.6,91.0,0.054945054945054944
264,ks,ottawa,12267,"36,310",12,3.3333333333333335,4.0,21.75,791.0,0.015170670037926675
265,ky,hickman,2156,"44,746",1,3.0,2.0,22.0,20.0,0.05
266,ky,union,5930,"33,296",1,3.0,4.0,29.0,95.0,0.010526315789473684
267,ky,martin,560,"25,670",1,3.0,2.5,7.0,8.0,0.125
268,ky,marion,2872,"31,651",1,3.0,3.5,4.0,69.0,0.014492753623188406
269,ky,jefferson,27997,"44,719",10,3.0,4.1,29.0,511.0,0.019569471624266144
270,ky,jackson,1979,"26,195",1,3.0,2.5,7.0,13.0,0.07692307692307693
271,ky,henderson,28432,"36,154",1,3.0,4.5,27.0,58.0,0.017241379310344827
272,ky,hardin,610,"38,575",1,3.0,2.0,22.0,19.0,0.05263157894736842
273,ky,franklin,8969,"38,667",14,3.0714285714285716,3.9285714285714284,19.642857142857142,653.0,0.021439509954058193
274,ky,cumberland,1967,"30,581",1,3.0,2.5,7.0,6.0,0.16666666666666666
275,ky,crittenden,3899,"33,019",4,3.0,3.75,18.25,172.0,0.023255813953488372
276,ky,allen,176,"28,593",1,3.0,2.5,7.0,8.0,0.125
277,ky,harlan,1531,"27,778",2,3.0,4.75,6.5,30.0,0.06666666666666667
278,ky,clay,1117,"27,255",3,3.0,3.6666666666666665,12.333333333333334,93.0,0.03225806451612903
279,ky,carlisle,1959,"42,485",3,3.3333333333333335,4.333333333333333,5.333333333333333,23.0,0.13043478260869565
280,la,washington,929,"30,972",5,3.0,4.4,12.8,212.0,0.02358490566037736
281,la,lafayette,126143,"53,215",2,3.0,3.75,10.0,73.0,0.0273972602739726
282,la,livingston,1955,"37,337",22,3.0454545454545454,4.090909090909091,16.454545454545453,940.0,0.023404255319148935
283,la,jackson,3725,"32,037",2,3.0,4.75,3.5,29.0,0.06896551724137931
284,la,natchitoches,17831,"33,525",2,3.0,5.0,4.0,64.0,0.03125
285,ma,plymouth,60803,"56,571",4,3.5,3.875,54.75,110.0,0.03636363636363636
286,ma,norfolk,11988,"77,194",5,3.0,4.2,12.8,107.0,0.04672897196261682
287,ma,hampden,5220,"44,760",7,3.0,3.5,10.857142857142858,148.0,0.0472972972972973
288,ma,worcester,185877,"49,121",15,3.1333333333333333,3.6666666666666665,22.266666666666666,297.0,0.050505050505050504
289,ma,nantucket,11327,"106,895",4,3.25,3.625,10.25,13.0,0.3076923076923077
290,md,baltimore,602495,"53,832",21,3.0952380952380953,4.166666666666667,33.333333333333336,749.0,0.028037383177570093
291,md,charles,1195,"50,620",20,3.2,3.875,67.05,4300.0,0.004651162790697674
292,md,frederick,72146,"53,601",4,3.25,4.5,19.25,149.0,0.026845637583892617
293,md,somerset,1280,"29,709",5,3.0,4.1,55.4,31.0,0.16129032258064516
294,me,york,13151,"44,437",4,3.0,3.875,10.75,108.0,0.037037037037037035
295,me,cumberland,8165,"51,659",9,3.111111111111111,3.9444444444444446,28.11111111111111,276.0,0.03260869565217391
296,me,franklin,1547,"35,108",1,3.0,5.0,1.0,8.0,0.125
297,me,penobscot,1211,"36,425",2,3.0,4.5,5.0,82.0,0.024390243902439025
298,me,hancock,2415,"44,349",3,3.0,3.5,4.333333333333333,22.0,0.13636363636363635
299,me,lincoln,4908,"44,159",1,3.0,3.0,2.0,39.0,0.02564102564102564
300,me,knox,792,"42,538",2,3.0,3.75,3.0,114.0,0.017543859649122806
301,me,waldo,860,"36,097",3,3.0,3.8333333333333335,4.333333333333333,122.0,0.02459016393442623
302,me,washington,1512,"35,752",3,3.0,4.666666666666667,5.0,160.0,0.01875
303,mi,macomb,90758,"40,077",10,3.0,4.15,15.5,337.0,0.02967359050445104
304,mi,isabella,2249,"31,088",5,3.0,3.5,7.4,82.0,0.06097560975609756
305,mi,ingham,2524,"35,503",11,3.090909090909091,4.454545454545454,13.636363636363637,624.0,0.017628205128205128
306,mi,schoolcraft,1798,"34,505",3,3.0,4.0,18.666666666666668,58.0,0.05172413793103448
307,mi,osceola,1841,"31,532",1,3.0,4.5,4.0,36.0,0.027777777777777776
308,mi,eaton,4132,"36,492",15,3.1333333333333333,3.966666666666667,10.533333333333333,506.0,0.029644268774703556
309,mi,montcalm,3400,"29,737",15,3.1333333333333333,3.933333333333333,10.333333333333334,439.0,0.03416856492027335
310,mi,livingston,2585,"47,921",19,3.210526315789474,4.2368421052631575,14.947368421052632,1900.0,0.01
311,mi,sanilac,2311,"32,829",1,4.0,5.0,1.0,52.0,0.019230769230769232
312,mi,antrim,2095,"39,601",3,3.0,3.6666666666666665,9.666666666666666,115.0,0.02608695652173913
313,mi,shiawassee,2734,"33,682",17,3.0588235294117645,3.823529411764706,6.764705882352941,838.0,0.02028639618138425
314,mi,tuscola,1948,"32,892",8,3.25,3.5625,7.25,130.0,0.06153846153846154
315,mi,chippewa,211,"29,311",4,3.0,3.875,7.75,13.0,0.3076923076923077
316,mi,mecosta,2676,"28,828",2,3.0,3.75,13.5,80.0,0.025
317,mi,bay,1126,"36,517",3,3.3333333333333335,3.3333333333333335,10.666666666666666,86.0,0.03488372093023256
318,mi,barry,3495,"39,022",14,3.142857142857143,3.892857142857143,9.571428571428571,570.0,0.02456140350877193
319,mi,berrien,5027,"40,046",16,3.125,3.25,10.125,405.0,0.03950617283950617
320,mi,allegan,5034,"38,552",2,3.0,3.75,19.5,144.0,0.013888888888888888
321,mi,cheboygan,4712,"33,728",2,3.0,4.25,14.5,12.0,0.16666666666666666
322,mi,clare,3069,"29,615",1,3.0,4.5,4.0,22.0,0.045454545454545456
323,mi,gladwin,2887,"30,730",3,3.0,3.6666666666666665,6.333333333333333,89.0,0.033707865168539325
324,mi,ionia,10952,"30,260",1,3.0,5.0,22.0,22.0,0.045454545454545456
325,mi,jackson,32605,"34,054",2,3.0,3.75,6.0,27.0,0.07407407407407407
326,mi,kalamazoo,76545,"41,547",3,3.3333333333333335,3.6666666666666665,17.0,110.0,0.02727272727272727
327,mi,lapeer,8621,"36,820",4,3.25,4.375,5.75,11.0,0.36363636363636365
328,mi,marquette,20680,"35,194",2,3.0,4.25,7.5,21.0,0.09523809523809523
329,mi,menominee,8108,"37,545",2,3.0,3.25,16.5,14.0,0.14285714285714285
330,mi,arenac,853,"32,089",1,3.0,4.5,9.0,73.0,0.0136986301369863
331,mi,lake,5847,"27,540",1,3.0,4.5,4.0,56.0,0.017857142857142856
332,mi,wayne,16896,"36,914",1,3.0,4.0,72.0,14.0,0.07142857142857142
333,mi,st. joseph,8355,"32,629",4,3.5,4.0,6.25,23.0,0.17391304347826086
334,mi,saginaw,48323,"34,086",3,3.3333333333333335,3.3333333333333335,7.333333333333333,23.0,0.13043478260869565
335,mi,newaygo,2058,"32,273",3,3.0,3.8333333333333335,16.0,31.0,0.0967741935483871
336,mi,muskegon,37287,"33,447",3,3.0,4.666666666666667,16.0,26.0,0.11538461538461539
337,mi,monroe,19715,"39,996",3,3.3333333333333335,3.6666666666666665,6.666666666666667,14.0,0.21428571428571427
338,mi,midland,41800,"40,836",1,3.0,2.0,16.0,16.0,0.0625
339,mn,fillmore,478,"41,274",1,3.0,4.0,14.0,73.0,0.0136986301369863
340,mn,douglas,755,"47,165",1,3.0,4.0,14.0,43.0,0.023255813953488372
341,mn,lincoln,200,"45,516",2,3.5,4.0,4.5,28.0,0.07142857142857142
342,mn,benton,827,"38,515",2,3.0,4.25,9.5,192.0,0.010416666666666666
343,mn,big stone,268,"49,247",1,3.0,2.5,3.0,5.0,0.2
344,mn,morrison,198,"38,188",1,4.0,3.0,6.0,66.0,0.015151515151515152
345,mn,clay,75,"39,771",4,3.0,3.875,9.25,62.0,0.06451612903225806
346,mn,lake,2221,"43,372",2,3.0,4.75,4.0,4.0,0.5
347,mn,hubbard,798,"36,535",1,3.0,5.0,3.0,13.0,0.07692307692307693
348,mn,otter tail,491,"43,755",3,3.0,3.1666666666666665,4.0,17.0,0.17647058823529413
349,mn,kanabec,932,"36,612",2,3.0,4.5,3.5,27.0,0.07407407407407407
350,mn,washington,739,"57,716",16,3.125,4.03125,24.875,1600.0,0.01
351,mn,traverse,340,"52,402",1,3.0,2.5,3.0,4.0,0.25
352,mn,norman,257,"39,225",4,3.0,3.875,9.25,64.0,0.0625
353,mn,rock,177,"51,342",1,4.0,4.0,16.0,61.0,0.01639344262295082
354,mn,sibley,252,"43,743",18,3.0555555555555554,3.5277777777777777,18.833333333333332,409.0,0.044009779951100246
355,mn,scott,145,"51,927",16,3.0,4.34375,19.5,1600.0,0.01
356,mn,stevens,72,"54,452",1,3.0,2.5,6.0,11.0,0.09090909090909091
357,mn,todd,1438,"37,325",1,4.0,3.0,6.0,73.0,0.0136986301369863
358,mn,waseca,8904,"44,837",2,3.0,3.25,4.5,11.0,0.18181818181818182
359,mn,winona,26813,"43,901",1,3.0,5.0,5.0,16.0,0.0625
360,mn,wabasha,2477,"43,540",2,3.0,4.25,7.5,159.0,0.012578616352201259
361,mn,wadena,4094,"35,655",2,3.5,3.75,4.5,12.0,0.16666666666666666
362,mn,aitkin,2001,"35,185",3,3.3333333333333335,4.333333333333333,4.333333333333333,19.0,0.15789473684210525
363,mn,anoka,17543,"44,544",10,3.3,3.3,14.5,206.0,0.04854368932038835
364,mn,becker,4912,"42,497",2,3.5,3.75,6.0,15.0,0.13333333333333333
365,mn,beltrami,102,"36,353",2,3.0,3.25,9.5,20.0,0.1
366,mn,carlton,1039,"37,416",2,3.0,4.75,6.5,44.0,0.045454545454545456
367,mn,dakota,308,"52,542",3,3.0,3.3333333333333335,8.333333333333334,28.0,0.10714285714285714
368,mn,faribault,23851,"39,312",1,3.0,2.5,8.0,5.0,0.2
369,mn,goodhue,1178,"47,511",14,3.0714285714285716,4.035714285714286,26.357142857142858,1000.0,0.014
370,mn,clearwater,1799,"38,105",1,3.0,4.5,3.0,23.0,0.043478260869565216
371,mn,houston,966,"45,395",2,3.0,4.0,4.5,51.0,0.0392156862745098
372,mn,grant,4152,"47,075",6,3.0,4.083333333333333,23.0,214.0,0.028037383177570093
373,mn,rice,1377,"38,617",1,3.0,4.5,3.0,50.0,0.02
374,mn,ramsey,26928,"47,960",6,3.1666666666666665,3.75,11.833333333333334,108.0,0.05555555555555555
375,mn,pipestone,4021,"54,075",2,3.5,3.75,13.0,69.0,0.028985507246376812
376,mn,mahnomen,1242,"34,463",1,3.0,4.5,3.0,10.0,0.1
377,mn,jackson,3201,"49,921",1,3.0,4.0,7.0,5.0,0.2
378,mn,isanti,5901,"38,327",3,3.0,3.6666666666666665,9.0,60.0,0.05
379,mo,osage,1714,"42,259",2,3.0,3.75,28.0,25.0,0.08
380,mo,howard,527,"35,953",1,3.0,3.5,18.0,105.0,0.009523809523809525
381,mo,st. louis,302838,"61,078",13,3.0,4.115384615384615,27.0,967.0,0.01344364012409514
382,mo,st. charles,70764,"46,189",11,3.090909090909091,3.772727272727273,16.09090909090909,371.0,0.029649595687331536
383,mo,st. clair,4698,"28,289",3,3.0,4.333333333333333,12.666666666666666,66.0,0.045454545454545456
384,mo,ray,28993,"36,379",15,3.2,4.033333333333333,35.53333333333333,888.0,0.016891891891891893
385,mo,perry,694,"36,259",1,4.0,2.5,3.0,114.0,0.008771929824561403
386,mo,chariton,234,"43,074",1,3.0,3.5,18.0,84.0,0.011904761904761904
387,mo,harrison,81,"33,842",7,3.4285714285714284,3.857142857142857,13.0,308.0,0.022727272727272728
388,mo,henry,222,"38,036",4,3.25,3.625,12.5,213.0,0.018779342723004695
389,mo,dallas,328,"29,793",4,3.0,3.625,18.25,180.0,0.022222222222222223
390,mo,polk,743,"30,573",7,3.142857142857143,3.2857142857142856,11.142857142857142,173.0,0.04046242774566474
391,mo,clay,1325,"43,140",20,3.2,3.875,26.6,955.0,0.020942408376963352
392,mo,cooper,1849,"34,347",2,3.0,3.75,11.0,104.0,0.019230769230769232
393,mo,morgan,1431,"37,968",2,3.0,3.75,28.0,141.0,0.014184397163120567
394,mo,nodaway,771,"28,986",1,3.0,4.0,4.0,15.0,0.06666666666666667
395,mo,pike,3726,"32,905",10,3.3,3.1,12.6,228.0,0.043859649122807015
396,mo,boone,316,"42,194",2,3.0,3.75,11.0,98.0,0.02040816326530612
397,mo,oregon,765,"27,034",1,3.0,4.0,4.0,18.0,0.05555555555555555
398,mo,cass,1233,"40,815",16,3.125,4.0625,18.0625,914.0,0.0175054704595186
399,mo,jefferson,502,"36,892",1,3.0,3.5,3.0,19.0,0.05263157894736842
400,mo,carroll,1032,"44,693",1,3.0,3.5,175.0,28.0,0.03571428571428571
401,mo,miller,683,"32,258",1,3.0,4.5,2.0,6.0,0.16666666666666666
402,mo,butler,4038,"33,838",4,3.25,4.25,7.25,231.0,0.017316017316017316
403,mo,camden,186,"33,069",5,3.0,3.2,44.2,144.0,0.034722222222222224
404,mo,clark,290,"34,319",1,3.0,3.5,18.0,80.0,0.0125
405,mo,franklin,95,"38,008",1,3.0,3.5,18.0,105.0,0.009523809523809525
406,mo,gasconade,214,"34,772",6,3.5,3.6666666666666665,10.166666666666666,152.0,0.039473684210526314
407,mo,clinton,8947,"39,940",2,3.0,3.75,19.0,150.0,0.013333333333333334
408,mo,jasper,965,"35,333",2,3.5,3.5,11.0,32.0,0.0625
409,mo,lincoln,1191,"34,561",2,3.0,3.75,28.0,53.0,0.03773584905660377
410,mo,linn,1607,"36,069",5,3.0,4.0,11.6,120.0,0.041666666666666664
411,mo,madison,541,"33,844",1,3.0,3.5,18.0,84.0,0.011904761904761904
412,mo,holt,475,"46,764",1,3.0,3.5,175.0,6.0,0.16666666666666666
413,ms,madison,25676,"58,444",5,3.2,3.8,8.8,44.0,0.11363636363636363
414,ms,george,277,"31,656",13,3.076923076923077,3.6923076923076925,8.153846153846153,271.0,0.04797047970479705
415,ms,grenada,12466,"31,056",2,3.0,4.25,9.5,26.0,0.07692307692307693
416,ms,jackson,164422,"34,845",3,3.0,3.6666666666666665,12.333333333333334,98.0,0.030612244897959183
417,ms,coahoma,329,"30,204",1,3.0,3.5,12.0,55.0,0.01818181818181818
418,ms,marion,1479,"29,193",1,3.0,5.0,8.0,9.0,0.1111111111111111
419,ms,pontotoc,6144,"29,277",1,3.0,3.5,3.0,14.0,0.07142857142857142
420,ms,newton,3223,"33,198",1,3.0,5.0,8.0,12.0,0.08333333333333333
421,ms,tishomingo,331,"29,121",1,3.0,1.0,3.0,9.0,0.1111111111111111
422,ms,tunica,916,"30,581",1,3.0,3.5,12.0,27.0,0.037037037037037035
423,ms,union,1924,"29,254",1,3.0,5.0,8.0,10.0,0.1
424,ms,sunflower,1007,"26,883",1,3.0,4.0,7.0,5.0,0.2
425,ms,quitman,2111,"24,420",1,3.0,5.0,8.0,14.0,0.07142857142857142
426,mt,missoula,74428,"40,858",2,3.0,4.25,25.5,70.0,0.02857142857142857
427,mt,cascade,685,"41,893",4,3.0,4.5,6.75,19.0,0.21052631578947367
428,nc,lenoir,17938,"35,597",5,3.0,4.1,12.8,96.0,0.052083333333333336
429,nc,rockingham,8776,"33,261",2,3.0,4.5,12.0,58.0,0.034482758620689655
430,nc,madison,2118,"29,263",19,3.263157894736842,3.5,8.105263157894736,507.0,0.03747534516765286
431,nc,macon,111,"34,734",1,3.0,5.0,1.0,7.0,0.14285714285714285
432,nc,brunswick,971,"36,576",8,3.125,3.0625,14.75,477.0,0.016771488469601678
433,nc,henderson,14936,"37,444",1,3.0,5.0,1.0,23.0,0.043478260869565216
434,nc,beaufort,4391,"37,538",2,3.0,4.0,9.0,10.0,0.2
435,nc,catawba,620,"38,414",7,3.142857142857143,3.9285714285714284,15.142857142857142,291.0,0.024054982817869417
436,nc,cleveland,881,"32,809",3,3.0,4.166666666666667,11.0,64.0,0.046875
437,nc,davidson,12921,"34,484",6,3.1666666666666665,3.3333333333333335,14.0,312.0,0.019230769230769232
438,nc,durham,274291,"43,817",11,3.090909090909091,3.9545454545454546,34.72727272727273,1100.0,0.01
439,nc,franklin,4042,"31,256",1,4.0,2.5,2.0,7.0,0.14285714285714285
440,nd,williams,15,"102,808",1,3.0,3.0,2.0,8.0,0.125
441,nd,richland,18,"43,573",2,3.0,3.5,8.5,21.0,0.09523809523809523
442,nd,oliver,10,"46,166",1,3.0,4.5,6.0,32.0,0.03125
443,nd,grant,105,"40,458",1,3.0,4.5,6.0,32.0,0.03125
444,nd,barnes,21,"49,276",1,3.0,4.5,6.0,32.0,0.03125
445,nd,morton,45,"50,815",1,3.0,4.5,6.0,32.0,0.03125
446,nd,ransom,52,"43,100",3,3.0,3.6666666666666665,10.333333333333334,27.0,0.1111111111111111
447,nd,mckenzie,99,"81,696",1,3.0,4.5,6.0,32.0,0.03125
448,nd,grand forks,56948,"46,131",2,3.0,3.25,9.5,20.0,0.1
449,ne,madison,2381,"44,682",1,3.0,5.0,5.0,9.0,0.1111111111111111
450,ne,pierce,1726,"55,980",1,3.0,5.0,5.0,4.0,0.25
451,ne,seward,7220,"45,424",1,3.0,4.0,4.0,33.0,0.030303030303030304
452,ne,valley,2845,"42,877",15,3.2666666666666666,3.8333333333333335,11.2,313.0,0.04792332268370607
453,ne,wayne,5622,"42,017",4,3.0,4.375,5.5,27.0,0.14814814814814814
454,ne,cuming,233,"76,262",2,3.0,5.0,6.5,43.0,0.046511627906976744
455,ne,stanton,1511,"42,472",1,3.0,5.0,5.0,26.0,0.038461538461538464
456,ne,thayer,130,"52,541",1,3.0,5.0,9.0,61.0,0.01639344262295082
457,ne,douglas,202,"57,890",1,3.0,5.0,9.0,112.0,0.008928571428571428
458,ne,butler,619,"45,842",1,3.0,4.0,4.0,124.0,0.008064516129032258
459,ne,cedar,61,"55,188",1,3.0,5.0,5.0,7.0,0.14285714285714285
460,ne,jefferson,112,"47,692",1,3.0,5.0,9.0,58.0,0.017241379310344827
461,ne,adams,912,"45,289",2,3.0,4.5,6.5,31.0,0.06451612903225806
462,ne,washington,117,"50,337",2,3.0,4.25,18.0,121.0,0.01652892561983471
463,ne,antelope,205,"53,502",1,3.0,5.0,5.0,4.0,0.25
464,nh,sullivan,675,"45,755",2,3.0,3.0,7.5,25.0,0.08
465,nh,carroll,742,"50,020",1,3.0,3.5,190.0,5.0,0.2
466,nh,grafton,1336,"52,320",4,3.25,4.0,9.75,60.0,0.06666666666666667
467,nh,merrimack,25969,"51,831",8,3.0,3.6875,16.875,287.0,0.027874564459930314
468,nh,strafford,4186,"43,174",3,3.0,4.666666666666667,13.0,326.0,0.009202453987730062
469,nj,warren,15745,"49,188",4,3.25,3.0,11.25,204.0,0.0196078431372549
470,nj,ocean,26708,"44,949",3,3.0,3.3333333333333335,8.333333333333334,133.0,0.022556390977443608
471,nj,union,5525,"59,230",23,3.130434782608696,3.760869565217391,41.08695652173913,543.0,0.0423572744014733
472,nj,salem,4747,"43,087",17,3.176470588235294,3.8529411764705883,18.764705882352942,537.0,0.03165735567970205
473,nj,burlington,9884,"53,760",3,3.0,3.5,14.666666666666666,90.0,0.03333333333333333
474,nj,morris,19145,"84,260",35,3.1142857142857143,4.114285714285714,94.51428571428572,12200.0,0.0028688524590163933
475,nj,cape may,3448,"51,473",2,3.5,3.75,20.5,29.0,0.06896551724137931
476,nj,camden,73973,"46,905",19,3.0526315789473686,4.078947368421052,67.21052631578948,729.0,0.02606310013717421
477,nj,passaic,69948,"45,746",7,3.142857142857143,3.642857142857143,28.0,270.0,0.025925925925925925
478,nj,gloucester,63884,"47,392",16,3.0625,4.0625,39.9375,702.0,0.022792022792022793
479,nm,santa fe,84612,"50,557",6,3.1666666666666665,3.6666666666666665,52.333333333333336,136.0,0.04411764705882353
480,nm,taos,5971,"33,342",1,3.0,3.5,7.0,23.0,0.043478260869565216
481,nv,carson city,55414,"42,537",8,3.125,4.0625,39.125,387.0,0.020671834625323
482,nv,elko,20341,"42,169",1,3.0,4.0,12.0,6.0,0.16666666666666666
483,ny,lewis,1306,"41,061",9,3.0,3.888888888888889,25.666666666666668,187.0,0.0481283422459893
484,ny,putnam,576,"57,163",31,3.161290322580645,4.241935483870968,35.193548387096776,5600.0,0.005535714285714285
485,ny,essex,636,"39,500",1,3.0,5.0,7.0,18.0,0.05555555555555555
486,ny,livingston,3473,"36,686",1,4.0,1.0,1.0,31.0,0.03225806451612903
487,ny,clinton,710,"38,463",1,3.0,5.0,5.0,29.0,0.034482758620689655
488,ny,greene,5084,"41,786",7,3.142857142857143,3.7857142857142856,17.857142857142858,165.0,0.04242424242424243
489,ny,chenango,10596,"36,583",2,3.0,3.75,11.5,58.0,0.034482758620689655
490,ny,schenectady,65575,"45,851",15,3.1333333333333333,2.933333333333333,23.6,254.0,0.05905511811023622
491,ny,rensselaer,9212,"42,725",4,3.0,3.875,25.25,94.0,0.0425531914893617
492,ny,oneida,10912,"38,764",1,3.0,4.0,19.0,6.0,0.16666666666666666
493,ny,new york,8398748,"151,128",34,3.235294117647059,4.117647058823529,142.3235294117647,10700.0,0.003177570093457944
494,ny,ontario,10088,"45,771",4,3.25,3.875,10.75,62.0,0.06451612903225806
495,ny,albany,97279,"53,791",15,3.1333333333333333,3.566666666666667,19.733333333333334,294.0,0.05102040816326531
496,ny,allegany,7597,"31,518",1,3.0,3.5,3.0,7.0,0.14285714285714285
497,ny,genesee,1608,"39,185",1,3.0,3.5,3.0,22.0,0.045454545454545456
498,ny,hamilton,6443,"46,724",5,3.4,3.5,10.6,284.0,0.017605633802816902
499,ny,orleans,2731,"34,128",2,3.0,2.75,31.5,35.0,0.05714285714285714
500,ny,ulster,12593,"42,913",1,3.0,4.0,37.0,61.0,0.01639344262295082
501,ny,tioga,4690,"41,958",8,3.125,3.4375,15.875,191.0,0.041884816753926704
502,ny,rockland,3678,"53,434",36,3.0833333333333335,4.305555555555555,71.72222222222223,13700.0,0.002627737226277372
503,ny,wayne,988,"39,367",9,3.2222222222222223,3.5,37.111111111111114,232.0,0.03879310344827586
504,ny,jefferson,1421,"42,753",13,3.3076923076923075,3.6153846153846154,14.153846153846153,305.0,0.04262295081967213
505,ny,broome,989,"38,276",8,3.125,3.3125,15.75,155.0,0.05161290322580645
506,ny,saratoga,5725,"55,809",7,3.0,4.0,18.857142857142858,90.0,0.07777777777777778
507,ny,orange,50092,"45,306",26,3.1538461538461537,4.134615384615385,92.1923076923077,5600.0,0.004642857142857143
508,ny,nassau,4783,"75,376",4,3.0,4.0,21.25,61.0,0.06557377049180328
509,ny,madison,2900,"38,109",3,3.0,4.5,12.666666666666666,271.0,0.01107011070110701
510,ny,sullivan,15149,"38,880",12,3.3333333333333335,3.9166666666666665,34.916666666666664,518.0,0.023166023166023165
511,ny,niagara,8005,"39,110",4,3.0,3.375,26.5,44.0,0.09090909090909091
512,ny,steuben,1127,"39,559",1,3.0,4.0,7.0,85.0,0.011764705882352941
513,ny,seneca,2683,"34,271",1,3.0,4.0,7.0,20.0,0.05
514,ny,monroe,19791,"45,897",3,3.0,3.1666666666666665,22.333333333333332,30.0,0.1
515,ny,montgomery,24022,"36,597",1,3.0,5.0,4.0,7.0,0.14285714285714285
516,ny,richmond,3246,"48,150",3,3.0,4.166666666666667,37.0,67.0,0.04477611940298507
517,oh,scioto,3543,"33,430",2,4.0,3.0,3.0,51.0,0.0392156862745098
518,oh,tuscarawas,1849,"38,918",2,3.0,2.75,6.5,8.0,0.25
519,oh,highland,2286,"31,379",2,3.0,4.0,7.5,23.0,0.08695652173913043
520,oh,allen,1085,"36,813",3,3.0,3.8333333333333335,4.333333333333333,76.0,0.039473684210526314
521,oh,hocking,4833,"32,511",12,3.1666666666666665,4.0,22.916666666666668,759.0,0.015810276679841896
522,oh,crawford,1853,"34,696",2,3.0,4.5,6.0,16.0,0.125
523,oh,adams,1073,"30,254",4,3.5,3.5,2.75,110.0,0.03636363636363636
524,oh,butler,3448,"40,702",1,3.0,4.0,9.0,9.0,0.1111111111111111
525,oh,miami,42554,"41,460",1,3.0,2.5,14.0,8.0,0.125
526,oh,brown,7482,"31,949",19,3.1052631578947367,3.973684210526316,23.789473684210527,661.0,0.028744326777609682
527,oh,clinton,4102,"38,592",1,3.0,4.0,9.0,5.0,0.2
528,oh,knox,4201,"38,388",16,3.0,4.0625,36.0625,865.0,0.018497109826589597
529,oh,fulton,3210,"39,673",6,3.0,4.333333333333333,30.166666666666668,102.0,0.058823529411764705
530,oh,ottawa,7764,"44,317",1,3.0,5.0,3.0,28.0,0.03571428571428571
531,oh,fayette,8859,"33,952",16,3.1875,3.9375,20.9375,450.0,0.035555555555555556
532,oh,lawrence,2473,"33,507",3,3.0,3.8333333333333335,9.333333333333334,92.0,0.03260869565217391
533,oh,licking,4899,"40,333",19,3.0526315789473686,3.973684210526316,40.0,852.0,0.022300469483568074
534,oh,seneca,447,"34,204",7,3.142857142857143,3.7857142857142856,13.571428571428571,194.0,0.03608247422680412
535,oh,summit,610,"45,112",18,3.0555555555555554,4.0,20.77777777777778,1100.0,0.016363636363636365
536,oh,muskingum,4538,"36,560",3,3.0,4.333333333333333,2.0,111.0,0.02702702702702703
537,oh,carroll,2100,"35,185",1,3.0,2.5,24.0,15.0,0.06666666666666667
538,oh,erie,1202,"57,133",10,3.0,4.3,12.7,324.0,0.030864197530864196
539,oh,pickaway,2112,"36,123",11,3.090909090909091,4.2272727272727275,46.0,849.0,0.012956419316843345
540,oh,greene,965,"43,515",17,3.0,4.029411764705882,30.294117647058822,1100.0,0.015454545454545455
541,oh,henry,4321,"39,851",5,3.2,3.4,16.4,200.0,0.025
542,oh,pike,4115,"32,934",3,3.6666666666666665,3.1666666666666665,3.0,37.0,0.08108108108108109
543,oh,holmes,1262,"36,069",14,3.0,3.642857142857143,8.285714285714286,357.0,0.0392156862745098
544,oh,washington,1858,"37,943",2,3.0,2.75,5.0,11.0,0.18181818181818182
545,oh,marion,36087,"32,292",19,3.0,4.131578947368421,25.31578947368421,731.0,0.025991792065663474
546,oh,lorain,64028,"40,458",2,3.0,4.75,5.0,65.0,0.03076923076923077
547,oh,jackson,6242,"32,512",1,4.0,1.0,3.0,68.0,0.014705882352941176
548,oh,clark,3030,"36,077",14,3.0,4.0,28.285714285714285,1000.0,0.014
549,oh,hamilton,62174,"51,996",6,3.0,3.75,22.833333333333332,144.0,0.041666666666666664
550,oh,franklin,11686,"45,894",5,3.0,3.7,12.2,130.0,0.038461538461538464
551,oh,fairfield,42613,"40,094",2,3.0,4.25,19.5,64.0,0.03125
552,oh,delaware,39930,"63,042",4,3.0,4.0,44.75,145.0,0.027586206896551724
553,oh,defiance,16663,"37,310",5,3.2,3.4,14.8,250.0,0.02
554,oh,ashtabula,18079,"34,087",17,3.0588235294117645,3.8529411764705883,10.941176470588236,437.0,0.038901601830663615
555,oh,columbiana,6231,"34,446",2,3.0,2.75,11.0,91.0,0.02197802197802198
556,oh,medina,26072,"47,712",3,3.0,3.5,7.0,27.0,0.1111111111111111
557,oh,monroe,13887,"29,895",1,3.0,5.0,5.0,23.0,0.043478260869565216
558,oh,huron,6893,"36,022",1,3.0,4.0,9.0,10.0,0.1
559,oh,sandusky,24714,"36,561",1,3.0,4.0,9.0,14.0,0.07142857142857142
560,oh,noble,1704,"24,020",3,3.0,4.333333333333333,7.666666666666667,67.0,0.04477611940298507
561,oh,montgomery,10805,"41,017",7,3.0,4.214285714285714,34.0,159.0,0.0440251572327044
562,oh,morgan,2097,"29,734",3,3.0,4.166666666666667,2.0,84.0,0.03571428571428571
563,oh,lake,725,"44,891",18,3.111111111111111,3.9444444444444446,12.61111111111111,743.0,0.024226110363391656
564,oh,richland,6123,"35,138",16,3.1875,3.65625,23.25,326.0,0.049079754601226995
565,oh,perry,3407,"32,356",1,3.0,4.5,3.0,41.0,0.024390243902439025
566,oh,auglaize,2657,"42,446",3,3.3333333333333335,4.333333333333333,3.3333333333333335,107.0,0.028037383177570093
567,oh,trumbull,1353,"35,997",15,3.2666666666666666,3.7333333333333334,10.333333333333334,709.0,0.021156558533145273
568,oh,meigs,3780,"30,516",2,3.0,4.75,1.5,49.0,0.04081632653061224
569,oh,ashland,20423,"34,388",3,3.0,4.166666666666667,11.333333333333334,30.0,0.1
570,oh,jefferson,1011,"34,487",15,3.1333333333333333,3.7666666666666666,9.0,554.0,0.02707581227436823
571,oh,warren,38382,"50,919",2,3.0,3.5,14.0,28.0,0.07142857142857142
572,oh,van wert,10680,"37,490",5,3.4,4.0,14.2,141.0,0.03546099290780142
573,oh,shelby,9030,"40,925",2,3.0,4.5,6.0,16.0,0.125
574,ok,muskogee,37402,"33,556",2,3.5,1.5,1.5,12.0,0.16666666666666666
575,ok,noble,6874,"42,917",1,3.0,5.0,1.0,94.0,0.010638297872340425
576,ok,okmulgee,11795,"31,883",14,3.0714285714285716,3.607142857142857,12.142857142857142,289.0,0.04844290657439446
577,ok,osage,155,"34,574",11,3.0,3.8181818181818183,11.272727272727273,330.0,0.03333333333333333
578,ok,tulsa,400669,"71,431",9,3.111111111111111,3.7222222222222223,12.777777777777779,287.0,0.0313588850174216
579,ok,seminole,7172,"34,254",1,3.0,4.0,4.0,198.0,0.005050505050505051
580,ok,wagoner,9061,"36,245",7,3.0,4.214285714285714,7.142857142857143,315.0,0.022222222222222223
581,ok,pawnee,2117,"34,000",3,3.0,3.8333333333333335,5.0,64.0,0.046875
582,ok,mccurtain,504,"30,316",1,3.0,5.0,7.0,65.0,0.015384615384615385
583,ok,marshall,299,"31,123",3,3.3333333333333335,3.6666666666666665,6.666666666666667,22.0,0.13636363636363635
584,ok,beaver,1404,"54,140",1,3.0,5.0,2.0,5.0,0.2
585,ok,atoka,3131,"29,639",1,3.0,4.5,6.0,21.0,0.047619047619047616
586,ok,le flore,176,"31,273",1,3.0,5.0,7.0,52.0,0.019230769230769232
587,ok,canadian,205,"43,656",2,3.5,1.5,1.5,16.0,0.125
588,ok,carter,239,"42,438",1,4.0,1.5,2.0,14.0,0.07142857142857142
589,ok,cherokee,1507,"29,129",4,3.25,3.125,5.75,14.0,0.2857142857142857
590,ok,choctaw,12624,"30,261",1,3.0,4.0,4.0,26.0,0.038461538461538464
591,ok,comanche,1567,"37,682",4,3.0,4.0,10.0,92.0,0.043478260869565216
592,ok,garvin,254,"38,125",1,4.0,4.0,8.0,17.0,0.058823529411764705
593,ok,haskell,1923,"34,161",5,3.0,3.2,7.4,258.0,0.01937984496124031
594,ok,jefferson,8,"35,341",2,3.5,3.75,7.0,44.0,0.045454545454545456
595,ok,kingfisher,4924,"46,789",12,3.0,4.083333333333333,15.083333333333334,215.0,0.05581395348837209
596,or,yamhill,1172,"37,891",4,3.0,3.375,34.0,514.0,0.007782101167315175
597,or,tillamook,5311,"37,857",1,3.0,2.5,3.0,6.0,0.16666666666666666
598,or,hood river,7806,"44,061",3,3.0,4.166666666666667,11.666666666666666,33.0,0.09090909090909091
599,or,wasco,393,"38,229",2,3.0,4.5,3.5,26.0,0.07692307692307693
600,pa,lawrence,7561,"38,684",3,3.0,4.166666666666667,10.0,29.0,0.10344827586206896
601,pa,clarion,3909,"37,115",10,3.0,3.4,8.9,186.0,0.053763440860215055
602,pa,schuylkill,8641,"36,707",18,3.0555555555555554,4.027777777777778,15.277777777777779,852.0,0.02112676056338028
603,pa,venango,831,"37,164",1,3.0,3.5,2.0,22.0,0.045454545454545456
604,pa,susquehanna,1859,"38,806",4,3.0,3.375,26.5,157.0,0.025477707006369428
605,pa,cambria,5738,"37,901",1,3.0,5.0,5.0,98.0,0.01020408163265306
606,pa,clinton,2795,"35,673",2,3.0,4.0,10.0,21.0,0.09523809523809523
607,pa,lehigh,486,"46,517",23,3.0869565217391304,3.891304347826087,18.434782608695652,2700.0,0.008518518518518519
608,pa,montour,1295,"49,530",2,3.0,4.0,6.5,51.0,0.0392156862745098
609,pa,tioga,954,"36,578",3,3.0,3.6666666666666665,29.0,106.0,0.02830188679245283
610,pa,luzerne,5903,"39,311",1,3.0,3.5,13.0,28.0,0.03571428571428571
611,pa,montgomery,6222,"69,983",2,3.5,3.5,5.5,19.0,0.10526315789473684
612,pa,carbon,370,"42,613",20,3.2,3.6,15.25,775.0,0.025806451612903226
613,pa,armstrong,2854,"40,751",19,3.1052631578947367,3.789473684210526,13.789473684210526,933.0,0.020364415862808145
614,pa,delaware,1552,"55,959",15,3.1333333333333333,4.033333333333333,74.2,2800.0,0.005357142857142857
615,pa,fayette,3587,"37,370",21,3.142857142857143,3.761904761904762,15.80952380952381,833.0,0.025210084033613446
616,pa,clearfield,2561,"38,657",2,3.0,4.5,18.0,103.0,0.019417475728155338
617,pa,fulton,3181,"37,895",12,3.0,3.5833333333333335,16.0,302.0,0.039735099337748346
618,pa,lycoming,1462,"39,745",2,3.0,4.0,6.5,83.0,0.024096385542168676
619,pa,somerset,12184,"36,771",1,3.0,2.5,3.0,30.0,0.03333333333333333
620,pa,sullivan,1455,"41,880",4,3.0,3.625,7.75,129.0,0.031007751937984496
621,pa,northampton,39231,"46,336",1,3.0,5.0,23.0,47.0,0.02127659574468085
622,pa,blair,4502,"39,921",3,3.0,4.5,16.666666666666668,132.0,0.022727272727272728
623,pa,bradford,8280,"37,530",1,3.0,3.5,3.0,9.0,0.1111111111111111
624,pa,columbia,1164,"36,304",8,3.0,3.4375,9.5,177.0,0.04519774011299435
625,pa,beaver,970,"41,977",2,3.5,1.5,7.5,16.0,0.125
626,pa,adams,1847,"43,154",14,3.0714285714285716,3.642857142857143,17.928571428571427,889.0,0.015748031496062992
627,pa,butler,12993,"50,199",1,3.0,4.0,17.0,39.0,0.02564102564102564
628,pa,chester,33909,"72,118",4,3.0,4.25,52.5,164.0,0.024390243902439025
629,pa,erie,96471,"39,260",1,3.0,3.5,2.0,55.0,0.01818181818181818
630,pa,lancaster,59420,"44,259",3,3.3333333333333335,4.666666666666667,3.0,119.0,0.025210084033613446
631,pa,philadelphia,1584138,"49,341",19,3.210526315789474,3.9473684210526314,49.8421052631579,3000.0,0.006333333333333333
632,pa,snyder,320,"37,269",7,3.0,3.0,25.857142857142858,395.0,0.017721518987341773
633,pa,union,9835,"35,578",3,3.3333333333333335,3.6666666666666665,6.333333333333333,122.0,0.02459016393442623
634,pa,washington,13508,"50,489",1,3.0,3.0,10.0,22.0,0.045454545454545456
635,pa,cumberland,6256,"48,865",12,3.0833333333333335,3.6666666666666665,20.75,523.0,0.022944550669216062
636,pa,allegheny,6536,"52,606",24,3.0833333333333335,3.7083333333333335,18.458333333333332,1000.0,0.024
637,pa,pike,1758,"39,512",14,3.0714285714285716,3.7142857142857144,35.785714285714285,1300.0,0.010769230769230769
638,pa,york,44118,"42,911",7,3.142857142857143,3.5,9.714285714285714,81.0,0.08641975308641975
639,pa,centre,4255,"41,373",3,3.0,4.333333333333333,13.666666666666666,113.0,0.02654867256637168
640,pa,monroe,1308,"36,665",20,3.1,3.925,28.55,1100.0,0.01818181818181818
641,pa,juniata,941,"36,266",4,3.25,3.125,7.75,90.0,0.044444444444444446
642,pa,jefferson,2050,"38,678",15,3.2666666666666666,3.9,18.733333333333334,822.0,0.01824817518248175
643,pa,potter,568,"35,073",1,3.0,3.5,3.0,29.0,0.034482758620689655
644,pa,greene,2369,"41,836",16,3.125,3.84375,17.125,757.0,0.021136063408190225
645,pa,wayne,1123,"36,740",20,3.1,4.15,18.5,332.0,0.060240963855421686
646,pa,perry,331,"38,499",20,3.1,3.2,15.25,479.0,0.04175365344467641
647,pa,bedford,5172,"36,009",1,3.0,5.0,5.0,6.0,0.16666666666666666
648,pa,indiana,7168,"35,033",1,3.0,2.5,8.0,14.0,0.07142857142857142
649,ri,newport,24590,"58,825",1,3.0,4.0,23.0,55.0,0.01818181818181818
650,ri,providence,179335,"42,740",11,3.1818181818181817,3.727272727272727,21.818181818181817,341.0,0.03225806451612903
651,ri,bristol,22131,"66,397",2,3.0,4.0,10.0,62.0,0.03225806451612903
652,sc,lancaster,9175,"37,351",5,3.0,3.5,25.4,252.0,0.01984126984126984
653,sc,laurens,8846,"30,681",16,3.0625,3.625,10.8125,460.0,0.034782608695652174
654,sc,lexington,21737,"40,433",4,3.25,4.0,9.75,159.0,0.025157232704402517
655,sc,mccormick,2346,"30,467",1,3.0,3.5,14.0,13.0,0.07692307692307693
656,sc,marion,6427,"27,284",2,3.0,3.0,8.5,13.0,0.15384615384615385
657,sc,newberry,10337,"33,748",12,3.1666666666666665,3.3333333333333335,10.0,623.0,0.019261637239165328
658,sc,saluda,3632,"30,675",11,3.1818181818181817,3.6818181818181817,8.181818181818182,413.0,0.026634382566585957
659,sc,spartanburg,37644,"38,173",1,3.0,5.0,2.0,52.0,0.019230769230769232
660,sc,union,7764,"29,080",1,3.0,5.0,2.0,48.0,0.020833333333333332
661,sc,york,8235,"39,488",19,3.1578947368421053,4.105263157894737,18.68421052631579,624.0,0.030448717948717948
662,sc,orangeburg,12903,"29,671",11,3.0,3.590909090909091,14.181818181818182,396.0,0.027777777777777776
663,sc,kershaw,2249,"35,877",12,3.0,3.8333333333333335,26.416666666666668,1100.0,0.01090909090909091
664,sc,pickens,3164,"33,246",6,3.1666666666666665,3.75,16.833333333333332,222.0,0.02702702702702703
665,sc,allendale,2979,"26,617",2,3.0,4.0,8.0,186.0,0.010752688172043012
666,sc,hampton,2531,"27,252",8,3.0,3.75,5.75,167.0,0.04790419161676647
667,sc,aiken,30778,"36,900",1,3.0,4.0,6.0,32.0,0.03125
668,sc,anderson,27380,"34,814",2,3.0,4.0,7.0,34.0,0.058823529411764705
669,sc,bamberg,3237,"30,041",2,3.0,4.25,17.0,111.0,0.018018018018018018
670,sc,barnwell,4367,"29,978",1,3.0,4.0,6.0,29.0,0.034482758620689655
671,sc,beaufort,13357,"48,552",2,3.0,4.0,7.0,56.0,0.03571428571428571
672,sc,charleston,136208,"50,970",14,3.2142857142857144,4.178571428571429,26.0,386.0,0.03626943005181347
673,sc,chesterfield,1420,"26,476",15,3.0,3.7666666666666666,23.266666666666666,980.0,0.015306122448979591
674,sc,darlington,5928,"32,571",2,3.0,4.25,7.5,20.0,0.1
675,sc,dillon,6367,"24,259",3,3.0,3.1666666666666665,7.666666666666667,14.0,0.21428571428571427
676,sc,edgefield,4769,"30,301",6,3.1666666666666665,3.5,9.0,174.0,0.034482758620689655
677,sc,florence,37625,"36,050",2,3.0,4.25,7.5,18.0,0.1111111111111111
678,sc,george,8779,"39,576",15,3.2,4.1,23.8,499.0,0.03006012024048096
679,sc,greenville,68563,"42,283",13,3.0,3.6153846153846154,14.538461538461538,289.0,0.04498269896193772
680,sc,chester,5393,"29,578",12,3.0,3.5,32.083333333333336,1300.0,0.009230769230769232
681,sd,hamlin,247,"37,292",2,3.0,3.0,6.5,9.0,0.2222222222222222
682,sd,turner,182,"56,665",1,4.0,4.0,16.0,61.0,0.01639344262295082
683,sd,miner,33,"39,964",1,3.0,1.0,1.0,16.0,0.0625
684,sd,spink,252,"54,583",3,3.0,4.166666666666667,5.666666666666667,26.0,0.11538461538461539
685,sd,day,92,"43,932",1,3.0,2.5,3.0,5.0,0.2
686,sd,lake,50,"52,731",2,3.5,3.75,13.0,64.0,0.03125
687,sd,union,55,"85,959",13,3.1538461538461537,4.5,54.30769230769231,1100.0,0.011818181818181818
688,sd,aurora,789,"46,881",1,3.0,3.5,10.0,4.0,0.25
689,sd,brookings,24509,"42,256",1,3.0,3.5,10.0,4.0,0.25
690,sd,clark,1065,"51,723",1,3.0,2.5,3.0,9.0,0.1111111111111111
691,sd,custer,1935,"42,449",3,3.0,3.6666666666666665,13.333333333333334,40.0,0.075
692,sd,jackson,160,"25,520",14,3.0714285714285716,4.142857142857143,14.642857142857142,905.0,0.015469613259668509
693,sd,yankton,14700,"43,366",1,3.0,4.5,44.0,10.0,0.1
694,sd,grant,125,"56,042",1,3.0,2.5,3.0,6.0,0.16666666666666666
695,sd,lincoln,1331,"59,375",1,4.0,4.0,16.0,61.0,0.01639344262295082
696,tn,unicoi,3577,"33,592",1,3.0,4.0,6.0,41.0,0.024390243902439025
697,tn,loudon,5809,"41,723",1,3.0,1.0,6.0,18.0,0.05555555555555555
698,tn,franklin,80914,"34,251",13,3.076923076923077,3.576923076923077,31.53846153846154,313.0,0.04153354632587859
699,tn,dickson,15583,"34,521",2,4.0,3.0,8.5,13.0,0.15384615384615385
700,tx,parker,4802,"48,793",7,3.0,3.9285714285714284,23.857142857142858,320.0,0.021875
701,tx,newton,2359,"28,988",3,3.0,3.5,13.333333333333334,78.0,0.038461538461538464
702,tx,menard,1398,"34,927",1,3.0,4.0,29.0,42.0,0.023809523809523808
703,tx,midland,142344,"119,448",4,3.0,3.375,16.25,81.0,0.04938271604938271
704,tx,presidio,3991,"37,989",2,3.5,3.5,31.5,3.0,0.6666666666666666
705,tx,lubbock,255885,"38,807",7,3.0,3.857142857142857,13.571428571428571,136.0,0.051470588235294115
706,tx,llano,3537,"43,872",2,3.5,2.5,5.5,26.0,0.07692307692307693
707,tx,liberty,9349,"34,237",2,3.5,3.75,8.5,82.0,0.024390243902439025
708,tx,montgomery,1034,"64,325",6,3.0,3.75,10.333333333333334,170.0,0.03529411764705882
709,tx,refugio,2771,"45,700",11,3.3636363636363638,3.590909090909091,19.727272727272727,180.0,0.06111111111111111
710,tx,san patricio,382,"42,008",6,3.1666666666666665,3.8333333333333335,15.666666666666666,150.0,0.04
711,tx,lampasas,7909,"46,015",1,3.0,5.0,7.0,47.0,0.02127659574468085
712,tx,yoakum,5944,"45,913",5,3.6,3.2,9.6,126.0,0.03968253968253968
713,tx,wilson,484,"41,750",5,3.0,4.1,16.0,136.0,0.03676470588235294
714,tx,wharton,8654,"40,827",17,3.1176470588235294,4.147058823529412,36.35294117647059,2900.0,0.0058620689655172415
715,tx,victoria,67015,"45,847",1,4.0,3.5,7.0,34.0,0.029411764705882353
716,tx,rockwall,45112,"52,337",3,3.0,4.0,25.0,115.0,0.02608695652173913
717,tx,terrell,18126,"48,732",9,3.0,3.8333333333333335,13.666666666666666,435.0,0.020689655172413793
718,tx,sherman,42462,"62,704",2,3.0,4.25,3.5,29.0,0.06896551724137931
719,tx,scurry,761,"49,252",21,3.0476190476190474,4.214285714285714,34.0,3900.0,0.005384615384615384
720,tx,san saba,3158,"30,997",1,3.0,3.5,8.0,71.0,0.014084507042253521
721,tx,san augustine,1877,"33,653",2,3.0,3.5,4.5,27.0,0.07407407407407407
722,tx,trinity,2771,"32,491",1,4.0,4.0,6.0,14.0,0.07142857142857142
723,tx,kenedy,3448,"55,325",15,3.0,3.1666666666666665,18.8,512.0,0.029296875
724,tx,tyler,105729,"29,980",4,3.0,3.125,9.75,88.0,0.045454545454545456
725,tx,jones,2083,"29,005",1,3.0,4.0,4.0,53.0,0.018867924528301886
726,tx,crane,3680,"48,502",4,3.0,3.25,10.25,111.0,0.036036036036036036
727,tx,comanche,4170,"38,180",2,3.0,2.5,5.0,22.0,0.09090909090909091
728,tx,coleman,4379,"39,495",1,3.0,4.0,4.0,60.0,0.016666666666666666
729,tx,caldwell,4397,"30,028",4,3.5,3.125,11.25,232.0,0.017241379310344827
730,tx,burleson,47282,"40,362",1,4.0,4.0,4.0,70.0,0.014285714285714285
731,tx,crockett,6532,"38,419",1,3.0,3.5,3.0,48.0,0.020833333333333332
732,tx,bastrop,9420,"31,882",1,3.0,3.0,17.0,26.0,0.038461538461538464
733,tx,austin,964254,"49,031",15,3.1333333333333333,4.3,113.46666666666667,2100.0,0.007142857142857143
734,tx,kaufman,7467,"37,453",6,3.0,4.0,16.166666666666668,316.0,0.0189873417721519
735,tx,andrews,13762,"53,851",3,3.0,3.1666666666666665,14.0,120.0,0.025
736,tx,anderson,234,"30,978",6,3.1666666666666665,3.5,9.0,160.0,0.0375
737,tx,dallas,1345047,"51,830",30,3.066666666666667,4.183333333333334,44.0,3700.0,0.008108108108108109
738,tx,mason,2264,"43,435",1,3.0,4.0,1.0,53.0,0.018867924528301886
739,tx,denton,138541,"48,827",2,3.0,4.75,6.5,99.0,0.020202020202020204
740,tx,jasper,7644,"36,848",1,3.0,3.5,3.0,52.0,0.019230769230769232
741,tx,dawson,797,"31,777",4,3.0,3.125,20.0,308.0,0.012987012987012988
742,tx,houston,2325502,"33,759",26,3.076923076923077,4.153846153846154,58.96153846153846,3700.0,0.007027027027027027
743,tx,henderson,13280,"36,123",3,3.3333333333333335,2.5,11.666666666666666,149.0,0.020134228187919462
744,tx,hemphill,1239,"95,018",1,3.0,5.0,3.0,35.0,0.02857142857142857
745,tx,haskell,3242,"34,551",1,3.0,4.0,4.0,6.0,0.16666666666666666
746,tx,jefferson,1961,"40,555",4,3.5,3.5,9.0,140.0,0.02857142857142857
747,tx,hardin,913,"41,209",1,3.0,5.0,3.0,32.0,0.03125
748,tx,gonzales,7606,"42,371",1,3.0,3.5,3.0,7.0,0.14285714285714285
749,tx,goliad,1976,"44,484",1,4.0,3.5,7.0,67.0,0.014925373134328358
750,tx,galveston,50457,"48,054",4,3.0,4.0,18.5,60.0,0.06666666666666667
751,tx,franklin,1623,"34,871",3,3.3333333333333335,2.5,13.666666666666666,202.0,0.01485148514851485
752,tx,el paso,682669,"31,731",7,3.142857142857143,3.7857142857142856,16.857142857142858,245.0,0.02857142857142857
753,tx,ector,726,"47,802",2,3.0,4.25,3.5,50.0,0.04
754,tx,eastland,3919,"49,212",1,3.0,3.0,9.0,17.0,0.058823529411764705
755,tx,hamilton,3016,"52,377",6,3.0,4.166666666666667,8.833333333333334,206.0,0.02912621359223301
756,ut,washington,27686,"31,163",1,3.0,4.0,5.0,83.0,0.012048192771084338
757,ut,tooele,35251,"31,564",1,3.0,2.5,5.0,14.0,0.07142857142857142
758,ut,uintah,1342,"34,107",1,3.0,4.5,15.0,81.0,0.012345679012345678
759,va,hampton,134313,"39,178",5,3.0,4.2,16.4,220.0,0.022727272727272728
760,va,newport news,178626,"39,042",22,3.1363636363636362,3.772727272727273,17.772727272727273,649.0,0.03389830508474576
761,va,norfolk,244076,"37,569",17,3.1176470588235294,3.6176470588235294,12.823529411764707,530.0,0.03207547169811321
762,va,portsmouth,94632,"37,238",10,3.0,3.95,13.1,337.0,0.02967359050445104
763,va,roanoke,99920,"39,649",2,3.0,3.0,9.0,95.0,0.021052631578947368
764,va,richmond,228783,"32,032",13,3.0,3.8461538461538463,19.46153846153846,608.0,0.02138157894736842
765,va,shenandoah,2339,"39,354",1,3.0,4.5,15.0,6.0,0.16666666666666666
766,va,suffolk,91185,"46,071",14,3.142857142857143,4.25,10.071428571428571,547.0,0.025594149908592323
767,va,virginia beach,450189,"50,719",17,3.0588235294117645,3.9411764705882355,18.647058823529413,773.0,0.02199223803363519
768,va,pulaski,8726,"35,624",1,3.0,3.0,9.0,40.0,0.025
769,va,surry,220,"37,898",8,3.25,3.5,16.125,235.0,0.03404255319148936
770,va,floyd,439,"33,906",2,3.0,3.25,12.0,60.0,0.03333333333333333
771,va,chesapeake,242634,"45,248",20,3.1,3.9,18.55,769.0,0.02600780234070221
772,va,buchanan,1171,"32,044",3,3.3333333333333335,3.5,12.666666666666666,226.0,0.01327433628318584
773,va,appomattox,1792,"33,792",1,3.0,3.5,4.0,90.0,0.011111111111111112
774,va,alexandria,160530,"81,336",21,3.0952380952380953,4.261904761904762,78.80952380952381,2100.0,0.01
775,va,franklin,8013,"35,700",14,3.142857142857143,3.7857142857142856,12.785714285714286,734.0,0.01907356948228883
776,vt,essex,21911,"32,250",8,3.125,3.625,26.25,129.0,0.06201550387596899
777,vt,franklin,1434,"41,083",33,3.212121212121212,3.696969696969697,17.424242424242426,507.0,0.0650887573964497
778,vt,washington,1016,"51,829",16,3.1875,4.03125,25.625,262.0,0.061068702290076333
779,vt,bennington,15002,"47,187",3,3.0,3.5,8.0,11.0,0.2727272727272727
780,vt,chittenden,1190,"54,081",4,3.0,4.375,41.0,30.0,0.13333333333333333
781,vt,windham,401,"45,232",12,3.0,3.6666666666666665,23.416666666666668,194.0,0.061855670103092786
782,vt,windsor,3348,"51,248",4,3.0,3.625,38.25,9.0,0.4444444444444444
783,vt,grand isle,2092,"52,279",2,3.5,2.25,8.0,13.0,0.15384615384615385
784,wa,spokane,219190,"40,028",8,3.0,4.375,18.875,274.0,0.029197080291970802
785,wa,walla walla,32986,"39,426",1,3.0,2.0,18.0,34.0,0.029411764705882353
786,wa,pacific,7219,"37,554",1,3.0,5.0,6.0,50.0,0.02
787,wa,garfield,618,"40,606",1,3.0,2.5,28.0,24.0,0.041666666666666664
788,wa,snohomish,10185,"46,896",13,3.076923076923077,4.269230769230769,104.23076923076923,2000.0,0.0065
789,wa,kittitas,1493,"37,142",1,3.0,2.0,40.0,23.0,0.043478260869565216
790,wa,okanogan,2591,"36,553",2,3.0,3.5,8.5,13.0,0.15384615384615385
791,wa,asotin,1294,"40,377",2,3.0,4.0,6.5,23.0,0.08695652173913043
792,wi,rusk,411,"38,750",1,3.0,2.0,3.0,17.0,0.058823529411764705
793,wi,lafayette,5979,"41,854",1,3.0,4.5,6.0,31.0,0.03225806451612903
794,wi,grant,930,"38,957",1,3.0,4.0,18.0,39.0,0.02564102564102564
795,wi,dunn,5250,"36,749",10,3.0,3.9,20.8,232.0,0.04310344827586207
796,wi,washington,716,"49,977",3,3.0,4.666666666666667,11.333333333333334,26.0,0.11538461538461539
797,wi,calumet,1483,"44,584",10,3.0,3.7,14.3,250.0,0.04
798,wi,forest,1082,"35,826",1,3.0,2.5,3.0,13.0,0.07692307692307693
799,wi,pierce,818,"41,714",16,3.0625,4.03125,27.8125,930.0,0.017204301075268817
800,wi,langlade,449,"38,889",3,3.0,3.3333333333333335,8.0,31.0,0.0967741935483871
801,wi,marathon,1105,"43,801",3,3.0,3.3333333333333335,8.0,24.0,0.125
802,wi,douglas,728,"37,422",2,3.0,4.75,6.5,45.0,0.044444444444444446
803,wi,oneida,4746,"44,723",7,3.142857142857143,3.2857142857142856,5.714285714285714,146.0,0.04794520547945205
804,wi,pepin,717,"43,359",8,3.25,3.0625,13.125,241.0,0.03319502074688797
805,wi,richland,1259,"38,365",5,3.0,3.3,34.6,38.0,0.13157894736842105
806,wi,rock,3211,"38,799",14,3.142857142857143,3.9285714285714284,17.0,776.0,0.01804123711340206
807,wi,trempealeau,1880,"40,883",2,3.0,2.5,3.0,10.0,0.2
808,wi,walworth,1713,"41,674",1,3.0,3.0,66.0,7.0,0.14285714285714285
809,wi,polk,4006,"40,951",3,3.0,3.6666666666666665,12.666666666666666,48.0,0.0625
810,wi,vernon,7678,"36,839",1,3.0,3.5,18.0,35.0,0.02857142857142857
811,wi,wood,759,"41,025",2,3.0,3.25,4.5,56.0,0.03571428571428571
812,wi,vilas,229,"45,830",1,3.0,3.5,16.0,29.0,0.034482758620689655
813,wi,jackson,986,"40,515",2,3.0,4.0,15.0,66.0,0.030303030303030304
814,wi,adams,1895,"34,448",5,3.0,3.3,34.6,60.0,0.08333333333333333
815,wi,barron,3321,"42,944",1,3.0,2.0,3.0,5.0,0.2
816,wi,brown,274,"46,364",11,3.090909090909091,3.590909090909091,6.7272727272727275,215.0,0.05116279069767442
817,wi,eau claire,68866,"42,914",1,3.0,4.5,6.0,41.0,0.024390243902439025
818,wi,lincoln,298,"39,220",6,3.0,4.083333333333333,10.333333333333334,164.0,0.036585365853658534
819,wi,jefferson,8034,"39,794",1,3.0,5.0,7.0,56.0,0.017857142857142856
820,wi,green lake,958,"43,012",9,3.111111111111111,3.4444444444444446,17.444444444444443,204.0,0.04411764705882353
821,wi,la crosse,51567,"43,802",3,3.0,3.3333333333333335,8.333333333333334,28.0,0.10714285714285714
822,wi,waupaca,5896,"41,358",6,3.0,3.6666666666666665,3.8333333333333335,171.0,0.03508771929824561
823,wi,sheboygan,48180,"45,449",1,3.0,4.5,83.0,19.0,0.05263157894736842
824,wi,waukesha,72549,"62,113",8,3.25,3.3125,14.625,256.0,0.03125
825,wi,oconto,4517,"40,612",2,3.0,3.25,6.0,8.0,0.25
826,wi,marinette,10608,"39,004",2,3.0,3.25,16.5,15.0,0.13333333333333333
827,wi,manitowoc,32627,"43,040",2,3.0,4.5,5.5,12.0,0.16666666666666666
828,wi,milwaukee,592025,"42,118",21,3.0952380952380953,3.857142857142857,20.714285714285715,614.0,0.03420195439739414
829,wv,wayne,1392,"29,049",1,3.0,3.0,4.0,33.0,0.030303030303030304
830,wv,morgan,30955,"30,670",2,3.0,4.75,1.5,72.0,0.027777777777777776
831,wv,clay,448,"28,882",2,3.0,5.0,5.5,53.0,0.03773584905660377
832,wy,laramie,32473,"49,426",1,3.0,3.5,9.0,21.0,0.047619047619047616
