,State,City,Pop,PCI,price,rating,review,Total
0,ak,juneau city and borough,32113,"62,774",3.0,3.5,11.0,17.0
1,al,talladega,15291,"30,917",3.0833333333333335,3.25,12.166666666666666,310.0
2,al,butler,1739,"32,862",3.0,5.0,8.0,11.0
3,al,fayette,4327,"30,747",3.0,3.5,18.0,64.0
4,al,geneva,4335,"30,997",3.0,4.0,5.0,22.0
5,al,madison,50440,"45,274",3.3333333333333335,3.8333333333333335,5.666666666666667,121.0
6,al,marion,3252,"29,422",3.0,3.5,18.0,75.0
7,al,franklin,126,"30,044",3.0,4.0,5.5,145.0
8,ar,van buren,23691,"29,374",3.0,2.25,7.0,12.0
9,ar,searcy,23768,"26,785",3.0,5.0,5.0,9.0
10,ar,perry,274,"31,447",3.2,3.8,7.8,107.0
11,ar,madison,696,"32,411",3.0,3.8333333333333335,9.0,97.0
12,ar,lincoln,2474,"24,404",3.0,4.25,10.0,93.0
13,ar,garland,239,"35,645",3.1666666666666665,3.6666666666666665,16.666666666666668,204.0
14,ar,bradley,528,"34,423",3.25,3.875,11.25,105.0
15,ar,johnson,3736,"27,625",3.0,4.5,5.0,36.0
16,ca,sonoma,11248,"51,565",3.0,4.357142857142857,161.71428571428572,109.0
17,ca,san luis obispo,47446,"48,532",3.2,4.5,35.8,135.0
18,ca,tehama,421,"36,005",3.3333333333333335,4.333333333333333,18.333333333333332,182.0
19,ca,imperial,17695,"32,890",3.0,3.5,12.0,10.0
20,ca,monterey,28289,"47,557",3.2,4.1,70.3,247.0
21,co,montezuma,68,"39,527",3.0,4.3,27.4,40.0
22,co,pitkin,72,"126,611",3.2,4.05,15.2,75.0
23,co,ouray,1010,"51,437",3.0,4.5,36.0,5.0
24,co,montrose,19512,"34,155",3.0,4.0,8.5,10.0
25,co,kiowa,757,"52,054",3.1333333333333333,4.133333333333334,53.6,3100.0
26,co,gunnison,6594,"40,429",3.0,3.6666666666666665,9.333333333333334,28.0
27,co,dolores,958,"33,107",3.0,5.0,2.0,5.0
28,co,delta,8920,"33,209",3.0,4.5,5.75,89.0
29,co,crowley,167,"18,464",4.0,1.0,1.0,31.0
30,ct,windham,24706,"41,381",3.0,4.0,42.0,46.0
31,ct,tolland,14655,"50,980",3.0,4.0,42.0,18.0
32,ct,litchfield,8127,"56,884",3.25,3.75,28.5,22.0
33,ct,new london,26939,"51,200",3.0,4.0,4.0,69.0
34,de,new castle,5529,"49,300",3.0,4.125,18.75,84.0
35,fl,sarasota,57738,"54,984",3.25,3.55,17.05,500.0
36,fl,seminole,18866,"41,339",3.3333333333333335,3.8333333333333335,17.333333333333332,297.0
37,fl,palm beach,8802,"66,126",3.125,3.75,18.25,230.0
38,fl,madison,2797,"28,449",3.3333333333333335,3.8333333333333335,15.333333333333334,78.0
39,fl,lee,328,"44,543",3.0,2.5,16.0,47.0
40,fl,okeechobee,5731,"28,601",3.0,5.0,1.0,6.0
41,ga,jefferson,11704,"28,456",3.0,5.0,3.0,57.0
42,ga,lumpkin,1197,"31,917",3.25,4.0625,8.625,144.0
43,ga,mitchell,193,"29,523",3.0,3.4,4.0,198.0
44,ga,monroe,13573,"39,206",4.0,1.0,4.0,9.0
45,ga,morgan,1846,"41,424",4.0,3.0,1.0,32.0
46,ga,oglethorpe,1159,"34,291",3.0,4.2,9.4,103.0
47,ga,pulaski,269,"25,958",3.0,3.5,12.0,20.0
48,ga,quitman,3703,"26,489",3.0,2.5,16.0,24.0
49,ga,screven,761,"29,505",3.3333333333333335,2.8333333333333335,15.333333333333334,134.0
50,ga,washington,4001,"31,659",3.0,3.3,3.2,278.0
51,ga,white,722,"30,534",3.0,3.75,7.0,40.0
52,ga,oconee,244,"55,452",3.1666666666666665,4.166666666666667,14.0,148.0
53,ga,newton,579,"29,625",4.0,3.0,1.0,26.0
54,ga,gordon,1882,"30,915",3.0,4.25,7.75,90.0
55,ga,franklin,924,"32,534",3.4166666666666665,3.4583333333333335,8.333333333333334,1900.0
56,ga,forsyth,4117,"54,651",3.0,4.833333333333333,5.666666666666667,60.0
57,ga,douglas,11616,"31,349",3.0,2.5,16.0,30.0
58,ga,decatur,25732,"31,946",3.0,4.0,61.0,179.0
59,ga,dawson,4102,"37,402",4.0,3.0,1.0,35.0
60,ga,crawford,832,"29,600",3.2,4.3,9.6,93.0
61,ga,colquitt,1824,"27,507",4.0,3.0,1.0,92.0
62,ga,cobb,346,"48,253",4.0,3.0,1.0,12.0
63,ga,clayton,2183,"25,550",3.1666666666666665,3.4166666666666665,10.5,280.0
64,ga,calhoun,16966,"21,655",4.0,5.0,3.0,10.0
65,ga,brooks,555,"31,146",3.0,3.8333333333333335,7.333333333333333,90.0
66,ga,bartow,256,"33,267",3.25,3.75,9.666666666666666,579.0
67,ga,baldwin,3384,"29,192",3.25,3.375,8.5,76.0
68,ia,hamilton,133,"50,618",3.142857142857143,3.4285714285714284,7.285714285714286,131.0
69,ia,greene,1068,"48,116",3.0,4.25,8.5,37.0
70,ia,franklin,134,"50,235",4.0,4.5,8.0,16.0
71,ia,floyd,318,"41,127",3.5,3.0,9.5,25.0
72,ia,hancock,195,"50,657",3.230769230769231,3.769230769230769,14.846153846153847,328.0
73,ia,fayette,1374,"39,680",3.0,4.25,8.5,40.0
74,ia,delaware,151,"44,837",3.3333333333333335,4.0,11.333333333333334,120.0
75,ia,clinton,25184,"39,659",3.0,3.875,9.5,52.0
76,ia,clayton,39,"44,107",3.0,4.0,18.0,47.0
77,ia,cherokee,4900,"55,347",3.0,3.75,4.5,17.0
78,ia,muscatine,23817,"42,450",3.0,4.75,4.5,5.0
79,ia,webster,71,"42,161",3.25,4.1875,15.625,203.0
80,ia,washington,7309,"51,235",4.0,4.5,8.0,7.0
81,ia,wapello,2026,"34,477",3.1,4.35,13.1,201.0
82,ia,union,382,"37,907",4.0,5.0,3.0,6.0
83,ia,tama,2745,"40,729",3.3333333333333335,4.5,6.666666666666667,51.0
84,ia,shelby,616,"50,283",3.076923076923077,4.076923076923077,14.538461538461538,364.0
85,ia,jefferson,4148,"37,397",3.125,3.6875,9.625,254.0
86,ia,osceola,5193,"57,030",3.25,3.8125,8.125,187.0
87,ia,monroe,1874,"38,175",3.2222222222222223,3.888888888888889,7.333333333333333,281.0
88,ia,mitchell,131,"57,565",4.0,2.5,5.0,19.0
89,ia,marshall,27068,"38,463",3.1666666666666665,3.6666666666666665,7.0,279.0
90,ia,marion,39979,"40,851",3.0,4.5,13.0,72.0
91,ia,lucas,209,"37,890",3.25,3.8125,9.625,188.0
92,ia,plymouth,363,"52,006",4.0,2.5,5.0,7.0
93,id,twin falls,49764,"35,300",3.0,3.75,7.0,19.0
94,id,jerome,11807,"37,126",3.0,3.75,7.0,23.0
95,id,payette,7527,"35,582",3.076923076923077,3.8846153846153846,12.153846153846153,422.0
96,id,gooding,3473,"58,373",3.0,3.75,7.0,30.0
97,id,shoshone,1511,"33,851",3.0,3.75,7.0,33.0
98,id,teton,733,"31,214",3.5,2.625,10.5,17.0
99,id,minidoka,113,"35,533",3.0,1.0,1.0,4.0
100,il,scott,1235,"37,014",3.3333333333333335,2.6666666666666665,8.666666666666666,46.0
101,il,franklin,2473,"34,652",3.0,3.5,12.5,51.0
102,il,union,677,"37,679",3.3333333333333335,3.7666666666666666,19.6,503.0
103,il,montgomery,637,"33,349",3.0,4.5,19.0,109.0
104,il,morgan,345,"36,602",3.3333333333333335,2.6666666666666665,8.666666666666666,62.0
105,il,lake,941,"68,199",3.0,3.973684210526316,72.05263157894737,5600.0
106,il,wabash,2152,"41,797",3.3333333333333335,4.333333333333333,14.0,76.0
107,il,dekalb,42611,"35,809",3.0,3.0,11.4,35.0
108,il,fulton,3346,"33,854",3.0,3.875,9.5,33.0
109,il,henry,2232,"42,246",3.0,3.8125,13.625,163.0
110,il,johnson,644,"30,786",3.0,3.5,3.0,23.0
111,il,kankakee,26052,"36,138",3.0,3.0,2.0,23.0
112,il,mchenry,27022,"48,027",4.0,2.0,3.0,50.0
113,il,macon,1120,"44,811",3.0,3.25,3.0,15.0
114,il,madison,3794,"40,943",3.2857142857142856,3.357142857142857,18.571428571428573,336.0
115,il,douglas,157,"45,461",3.5,3.875,3.75,198.0
116,il,marshall,3843,"42,080",3.0,4.75,7.5,25.0
117,il,rock island,37678,"39,842",3.0,4.25,13.5,57.0
118,il,boone,1934,"40,608",3.1176470588235294,3.9411764705882355,15.0,1800.0
119,il,lee,308,"37,889",3.0,3.75,14.5,59.0
120,il,bureau,233,"39,270",3.0,3.5,7.5,19.0
121,il,brown,2054,"29,522",3.5,2.25,3.5,23.0
122,il,lasalle,9064,"39,378",3.0,2.0,14.0,14.0
123,il,richland,363,"39,787",3.0,5.0,1.0,14.0
124,il,knox,4794,"36,417",3.0,3.625,21.0,151.0
125,il,kendall,8946,"43,074",3.375,3.5625,24.625,860.0
126,il,warren,1479,"36,696",3.142857142857143,4.071428571428571,23.428571428571427,270.0
127,il,jersey,9823,"36,597",3.0555555555555554,4.166666666666667,19.666666666666668,1000.0
128,il,cass,601,"38,103",3.2,2.7,8.4,81.0
129,il,edgar,449,"37,073",3.2,4.0,27.0,154.0
130,il,lawrence,6355,"32,979",3.0,5.0,1.0,16.0
131,il,pike,225,"39,140",3.6666666666666665,2.3333333333333335,3.3333333333333335,20.0
132,il,will,1805,"45,465",3.142857142857143,4.261904761904762,57.333333333333336,5400.0
133,il,jasper,1722,"42,512",3.0,5.0,5.5,49.0
134,il,carroll,578,"40,981",3.0,4.5,10.5,144.0
135,il,perry,574,"34,612",3.5,2.25,3.5,16.0
136,il,hardin,204,"34,034",3.111111111111111,4.027777777777778,15.38888888888889,945.0
137,il,st. clair,35047,"39,740",3.076923076923077,4.1923076923076925,20.846153846153847,1000.0
138,il,logan,3104,"35,205",3.0,2.5,5.0,209.0
139,il,monroe,1485,"50,446",3.05,4.1,18.75,1100.0
140,il,mercer,3872,"40,702",3.0,4.357142857142857,23.857142857142858,164.0
141,il,greene,1543,"34,501",3.272727272727273,3.090909090909091,15.727272727272727,373.0
142,il,randolph,4447,"32,226",3.111111111111111,4.0,22.444444444444443,709.0
143,il,sangamon,2333,"43,441",3.5,1.75,4.0,78.0
144,in,ripley,985,"37,430",3.3333333333333335,3.5,18.333333333333332,384.0
145,in,vigo,3964,"34,509",3.0,4.75,7.5,49.0
146,in,allen,670,"40,471",3.0,4.25,20.75,156.0
147,in,randolph,4170,"35,269",3.25,4.125,5.5,168.0
148,in,clark,2715,"40,151",3.0,4.0,56.666666666666664,503.0
149,in,hendricks,1276,"42,937",3.1666666666666665,4.291666666666667,27.333333333333332,978.0
150,in,vermillion,877,"35,532",3.0,3.9166666666666665,25.333333333333332,177.0
151,in,fayette,2600,"35,734",3.0,4.0,11.75,119.0
152,in,gibson,1168,"40,959",3.25,4.0,12.0,87.0
153,in,floyd,4051,"47,171",3.0,3.6666666666666665,21.555555555555557,450.0
154,in,washington,12149,"33,987",3.4,3.8,7.6,97.0
155,in,warren,1209,"42,455",3.2,3.5,11.8,184.0
156,in,wabash,10054,"38,314",3.2,4.1,16.4,173.0
157,in,tipton,5104,"40,206",3.0,4.0,9.0,6.0
158,in,sullivan,4097,"31,374",3.0,4.833333333333333,5.333333333333333,48.0
159,in,spencer,2248,"39,496",3.0,3.0,21.0,9.0
160,in,porter,4825,"45,101",3.0,2.75,14.5,15.0
161,in,morgan,976,"39,004",3.0,3.9583333333333335,24.416666666666668,982.0
162,in,montgomery,347,"37,697",3.4,3.8,7.6,96.0
163,in,marion,28047,"46,320",3.0,4.0,9.0,10.0
164,in,lawrence,49046,"34,913",3.1,4.1,18.65,530.0
165,in,knox,3535,"41,101",3.0,3.0,13.0,7.0
166,in,jasper,15568,"40,597",3.6666666666666665,3.6666666666666665,11.0,10.0
167,in,elkhart,52367,"38,511",3.5,3.0,2.5,31.0
168,in,decatur,9843,"38,304",3.0,4.0,13.0,159.0
169,in,clinton,4717,"34,936",3.0,4.75,7.5,25.0
170,in,wayne,952,"36,972",3.0,3.5,19.714285714285715,391.0
171,in,jefferson,1131,"37,002",3.0,3.6875,20.5,151.0
172,in,lagrange,2748,"34,987",3.2222222222222223,3.7777777777777777,17.88888888888889,290.0
173,in,adams,34460,"35,449",3.6,4.1,13.2,164.0
174,in,union,962,"34,404",3.0,4.333333333333333,10.333333333333334,56.0
175,in,howard,2558,"36,841",3.0,4.222222222222222,25.88888888888889,665.0
176,in,brown,2647,"40,633",3.0,4.5,36.0,792.0
177,in,henry,2934,"33,164",3.0,4.25,4.666666666666667,165.0
178,in,delaware,3475,"32,666",3.066666666666667,3.7333333333333334,14.8,467.0
179,in,jennings,1416,"34,177",3.0,4.0,6.0,148.0
180,in,johnson,499,"42,691",3.3333333333333335,3.6666666666666665,15.666666666666666,88.0
181,in,posey,3931,"45,646",3.3333333333333335,3.6666666666666665,15.666666666666666,76.0
182,in,cass,338,"34,954",3.0,3.25,17.5,102.0
183,in,miami,1273,"31,354",3.0952380952380953,4.095238095238095,56.0,2800.0
184,in,jackson,532,"38,888",3.1666666666666665,3.75,18.583333333333332,344.0
185,in,noble,1915,"34,625",3.4285714285714284,4.142857142857143,14.714285714285714,243.0
186,in,lake,2433,"38,485",3.25,3.875,27.0,144.0
187,in,perry,30956,"33,711",3.5,3.625,9.75,116.0
188,in,clay,3540,"33,864",3.0,4.045454545454546,20.727272727272727,820.0
189,in,harrison,4132,"37,177",3.0,4.75,7.5,24.0
190,in,ohio,1930,"35,220",3.111111111111111,3.611111111111111,41.666666666666664,215.0
191,in,tippecanoe,2357,"34,210",3.0588235294117645,3.4411764705882355,24.764705882352942,565.0
192,in,boone,1446,"62,698",3.1333333333333333,4.1,22.266666666666666,965.0
193,ks,lyon,523,"33,378",4.0,3.0,15.0,55.0
194,ks,harvey,92,"38,197",3.0,4.142857142857143,12.857142857142858,196.0
195,ks,neosho,263,"35,565",3.5,4.25,7.5,25.0
196,ks,pottawatomie,197,"48,438",3.25,3.25,10.25,85.0
197,ks,crawford,590,"33,475",3.3333333333333335,3.1666666666666665,7.0,42.0
198,ks,franklin,347,"37,003",3.25,3.625,8.25,43.0
199,ks,clay,70,"39,251",3.0,3.5,12.0,52.0
200,ks,scott,2265,"67,443",3.3333333333333335,3.6666666666666665,6.0,8.0
201,ks,grant,50,"51,243",3.5,3.0,2.0,12.0
202,ks,sherman,537,"36,625",3.5,3.5,9.0,44.0
203,ks,jefferson,614,"38,324",3.2142857142857144,4.178571428571429,18.571428571428573,820.0
204,ks,douglas,108,"37,883",3.0,4.333333333333333,14.333333333333334,137.0
205,ks,wabaunsee,521,"45,431",3.25,3.125,13.25,88.0
206,ks,morris,24,"39,588",3.0,3.5,10.5,54.0
207,ks,morton,439,"38,439",3.0,1.0,1.0,4.0
208,ks,sumner,157,"36,574",3.142857142857143,3.857142857142857,17.0,189.0
209,ks,miami,545,"41,823",3.230769230769231,4.269230769230769,16.53846153846154,861.0
210,ks,stanton,182,"55,496",3.1666666666666665,4.138888888888889,22.0,898.0
211,ks,reno,1506,"36,148",3.0,4.333333333333333,11.0,113.0
212,ks,haskell,1950,"74,156",3.5,3.0,2.0,12.0
213,ks,nemaha,153,"50,505",3.0,3.5,10.5,39.0
214,ks,osage,242,"36,926",3.3333333333333335,3.6666666666666665,9.0,132.0
215,ks,labette,72,"37,052",3.5,3.5,9.0,61.0
216,ks,kiowa,941,"31,897",3.0,3.5,6.0,2.0
217,ks,kingman,2906,"41,913",3.0,4.0,9.0,89.0
218,ks,allen,174,"36,328",3.3333333333333335,3.3333333333333335,12.0,88.0
219,ks,harper,1333,"44,958",3.0,4.083333333333333,15.333333333333334,164.0
220,ks,cherokee,709,"32,957",3.5,3.5,9.0,43.0
221,ks,atchison,10560,"33,996",3.0,4.0,4.0,41.0
222,ks,greeley,296,"49,392",3.090909090909091,4.2272727272727275,18.727272727272727,559.0
223,ks,linn,385,"32,225",3.0,3.5,10.5,37.0
224,ks,jackson,451,"36,827",3.6,3.4,7.4,150.0
225,ks,washington,1062,"43,948",3.0,3.5,10.5,22.0
226,ks,riley,954,"38,338",3.0,3.5,10.5,43.0
227,ks,meade,1565,"55,983",3.0,5.0,2.0,10.0
228,ks,marion,1787,"36,386",3.0,4.1,18.6,91.0
229,ks,ottawa,12267,"36,310",3.3333333333333335,4.0,21.75,791.0
230,ky,hickman,2156,"44,746",3.0,2.0,22.0,20.0
231,ky,union,5930,"33,296",3.0,4.0,29.0,95.0
232,ky,martin,560,"25,670",3.0,2.5,7.0,8.0
233,ky,marion,2872,"31,651",3.0,3.5,4.0,69.0
234,ky,jefferson,27997,"44,719",3.0,4.1,29.0,511.0
235,ky,jackson,1979,"26,195",3.0,2.5,7.0,13.0
236,ky,henderson,28432,"36,154",3.0,4.5,27.0,58.0
237,ky,hardin,610,"38,575",3.0,2.0,22.0,19.0
238,ky,franklin,8969,"38,667",3.0714285714285716,3.9285714285714284,19.642857142857142,653.0
239,ky,cumberland,1967,"30,581",3.0,2.5,7.0,6.0
240,ky,crittenden,3899,"33,019",3.0,3.75,18.25,172.0
241,ky,allen,176,"28,593",3.0,2.5,7.0,8.0
242,ky,harlan,1531,"27,778",3.0,4.75,6.5,30.0
243,ky,clay,1117,"27,255",3.0,3.6666666666666665,12.333333333333334,93.0
244,ky,carlisle,1959,"42,485",3.3333333333333335,4.333333333333333,5.333333333333333,23.0
245,la,washington,929,"30,972",3.0,4.4,12.8,212.0
246,la,livingston,1955,"37,337",3.0454545454545454,4.090909090909091,16.454545454545453,940.0
247,la,jackson,3725,"32,037",3.0,4.75,3.5,29.0
248,la,natchitoches,17831,"33,525",3.0,5.0,4.0,64.0
249,ma,norfolk,11988,"77,194",3.0,4.2,12.8,107.0
250,ma,hampden,5220,"44,760",3.0,3.5,10.857142857142858,148.0
251,ma,nantucket,11327,"106,895",3.25,3.625,10.25,13.0
252,md,charles,1195,"50,620",3.2,3.875,67.05,4300.0
253,md,somerset,1280,"29,709",3.0,4.1,55.4,31.0
254,me,york,13151,"44,437",3.0,3.875,10.75,108.0
255,me,cumberland,8165,"51,659",3.111111111111111,3.9444444444444446,28.11111111111111,276.0
256,me,franklin,1547,"35,108",3.0,5.0,1.0,8.0
257,me,penobscot,1211,"36,425",3.0,4.5,5.0,82.0
258,me,hancock,2415,"44,349",3.0,3.5,4.333333333333333,22.0
259,me,lincoln,4908,"44,159",3.0,3.0,2.0,39.0
260,me,knox,792,"42,538",3.0,3.75,3.0,114.0
261,me,waldo,860,"36,097",3.0,3.8333333333333335,4.333333333333333,122.0
262,me,washington,1512,"35,752",3.0,4.666666666666667,5.0,160.0
263,mi,isabella,2249,"31,088",3.0,3.5,7.4,82.0
264,mi,ingham,2524,"35,503",3.090909090909091,4.454545454545454,13.636363636363637,624.0
265,mi,schoolcraft,1798,"34,505",3.0,4.0,18.666666666666668,58.0
266,mi,osceola,1841,"31,532",3.0,4.5,4.0,36.0
267,mi,eaton,4132,"36,492",3.1333333333333333,3.966666666666667,10.533333333333333,506.0
268,mi,montcalm,3400,"29,737",3.1333333333333333,3.933333333333333,10.333333333333334,439.0
269,mi,livingston,2585,"47,921",3.210526315789474,4.2368421052631575,14.947368421052632,1900.0
270,mi,sanilac,2311,"32,829",4.0,5.0,1.0,52.0
271,mi,antrim,2095,"39,601",3.0,3.6666666666666665,9.666666666666666,115.0
272,mi,shiawassee,2734,"33,682",3.0588235294117645,3.823529411764706,6.764705882352941,838.0
273,mi,tuscola,1948,"32,892",3.25,3.5625,7.25,130.0
274,mi,chippewa,211,"29,311",3.0,3.875,7.75,13.0
275,mi,mecosta,2676,"28,828",3.0,3.75,13.5,80.0
276,mi,bay,1126,"36,517",3.3333333333333335,3.3333333333333335,10.666666666666666,86.0
277,mi,barry,3495,"39,022",3.142857142857143,3.892857142857143,9.571428571428571,570.0
278,mi,berrien,5027,"40,046",3.125,3.25,10.125,405.0
279,mi,allegan,5034,"38,552",3.0,3.75,19.5,144.0
280,mi,cheboygan,4712,"33,728",3.0,4.25,14.5,12.0
281,mi,clare,3069,"29,615",3.0,4.5,4.0,22.0
282,mi,gladwin,2887,"30,730",3.0,3.6666666666666665,6.333333333333333,89.0
283,mi,ionia,10952,"30,260",3.0,5.0,22.0,22.0
284,mi,jackson,32605,"34,054",3.0,3.75,6.0,27.0
285,mi,lapeer,8621,"36,820",3.25,4.375,5.75,11.0
286,mi,marquette,20680,"35,194",3.0,4.25,7.5,21.0
287,mi,menominee,8108,"37,545",3.0,3.25,16.5,14.0
288,mi,arenac,853,"32,089",3.0,4.5,9.0,73.0
289,mi,lake,5847,"27,540",3.0,4.5,4.0,56.0
290,mi,wayne,16896,"36,914",3.0,4.0,72.0,14.0
291,mi,st. joseph,8355,"32,629",3.5,4.0,6.25,23.0
292,mi,saginaw,48323,"34,086",3.3333333333333335,3.3333333333333335,7.333333333333333,23.0
293,mi,newaygo,2058,"32,273",3.0,3.8333333333333335,16.0,31.0
294,mi,muskegon,37287,"33,447",3.0,4.666666666666667,16.0,26.0
295,mi,monroe,19715,"39,996",3.3333333333333335,3.6666666666666665,6.666666666666667,14.0
296,mi,midland,41800,"40,836",3.0,2.0,16.0,16.0
297,mn,fillmore,478,"41,274",3.0,4.0,14.0,73.0
298,mn,douglas,755,"47,165",3.0,4.0,14.0,43.0
299,mn,lincoln,200,"45,516",3.5,4.0,4.5,28.0
300,mn,benton,827,"38,515",3.0,4.25,9.5,192.0
301,mn,big stone,268,"49,247",3.0,2.5,3.0,5.0
302,mn,morrison,198,"38,188",4.0,3.0,6.0,66.0
303,mn,clay,75,"39,771",3.0,3.875,9.25,62.0
304,mn,lake,2221,"43,372",3.0,4.75,4.0,4.0
305,mn,hubbard,798,"36,535",3.0,5.0,3.0,13.0
306,mn,otter tail,491,"43,755",3.0,3.1666666666666665,4.0,17.0
307,mn,kanabec,932,"36,612",3.0,4.5,3.5,27.0
308,mn,washington,739,"57,716",3.125,4.03125,24.875,1600.0
309,mn,traverse,340,"52,402",3.0,2.5,3.0,4.0
310,mn,norman,257,"39,225",3.0,3.875,9.25,64.0
311,mn,rock,177,"51,342",4.0,4.0,16.0,61.0
312,mn,sibley,252,"43,743",3.0555555555555554,3.5277777777777777,18.833333333333332,409.0
313,mn,scott,145,"51,927",3.0,4.34375,19.5,1600.0
314,mn,stevens,72,"54,452",3.0,2.5,6.0,11.0
315,mn,todd,1438,"37,325",4.0,3.0,6.0,73.0
316,mn,waseca,8904,"44,837",3.0,3.25,4.5,11.0
317,mn,winona,26813,"43,901",3.0,5.0,5.0,16.0
318,mn,wabasha,2477,"43,540",3.0,4.25,7.5,159.0
319,mn,wadena,4094,"35,655",3.5,3.75,4.5,12.0
320,mn,aitkin,2001,"35,185",3.3333333333333335,4.333333333333333,4.333333333333333,19.0
321,mn,anoka,17543,"44,544",3.3,3.3,14.5,206.0
322,mn,becker,4912,"42,497",3.5,3.75,6.0,15.0
323,mn,beltrami,102,"36,353",3.0,3.25,9.5,20.0
324,mn,carlton,1039,"37,416",3.0,4.75,6.5,44.0
325,mn,dakota,308,"52,542",3.0,3.3333333333333335,8.333333333333334,28.0
326,mn,faribault,23851,"39,312",3.0,2.5,8.0,5.0
327,mn,goodhue,1178,"47,511",3.0714285714285716,4.035714285714286,26.357142857142858,1000.0
328,mn,clearwater,1799,"38,105",3.0,4.5,3.0,23.0
329,mn,houston,966,"45,395",3.0,4.0,4.5,51.0
330,mn,grant,4152,"47,075",3.0,4.083333333333333,23.0,214.0
331,mn,rice,1377,"38,617",3.0,4.5,3.0,50.0
332,mn,ramsey,26928,"47,960",3.1666666666666665,3.75,11.833333333333334,108.0
333,mn,pipestone,4021,"54,075",3.5,3.75,13.0,69.0
334,mn,mahnomen,1242,"34,463",3.0,4.5,3.0,10.0
335,mn,jackson,3201,"49,921",3.0,4.0,7.0,5.0
336,mn,isanti,5901,"38,327",3.0,3.6666666666666665,9.0,60.0
337,mo,osage,1714,"42,259",3.0,3.75,28.0,25.0
338,mo,howard,527,"35,953",3.0,3.5,18.0,105.0
339,mo,st. clair,4698,"28,289",3.0,4.333333333333333,12.666666666666666,66.0
340,mo,ray,28993,"36,379",3.2,4.033333333333333,35.53333333333333,888.0
341,mo,perry,694,"36,259",4.0,2.5,3.0,114.0
342,mo,chariton,234,"43,074",3.0,3.5,18.0,84.0
343,mo,harrison,81,"33,842",3.4285714285714284,3.857142857142857,13.0,308.0
344,mo,henry,222,"38,036",3.25,3.625,12.5,213.0
345,mo,dallas,328,"29,793",3.0,3.625,18.25,180.0
346,mo,polk,743,"30,573",3.142857142857143,3.2857142857142856,11.142857142857142,173.0
347,mo,clay,1325,"43,140",3.2,3.875,26.6,955.0
348,mo,cooper,1849,"34,347",3.0,3.75,11.0,104.0
349,mo,morgan,1431,"37,968",3.0,3.75,28.0,141.0
350,mo,nodaway,771,"28,986",3.0,4.0,4.0,15.0
351,mo,pike,3726,"32,905",3.3,3.1,12.6,228.0
352,mo,boone,316,"42,194",3.0,3.75,11.0,98.0
353,mo,oregon,765,"27,034",3.0,4.0,4.0,18.0
354,mo,cass,1233,"40,815",3.125,4.0625,18.0625,914.0
355,mo,jefferson,502,"36,892",3.0,3.5,3.0,19.0
356,mo,carroll,1032,"44,693",3.0,3.5,175.0,28.0
357,mo,miller,683,"32,258",3.0,4.5,2.0,6.0
358,mo,butler,4038,"33,838",3.25,4.25,7.25,231.0
359,mo,camden,186,"33,069",3.0,3.2,44.2,144.0
360,mo,clark,290,"34,319",3.0,3.5,18.0,80.0
361,mo,franklin,95,"38,008",3.0,3.5,18.0,105.0
362,mo,gasconade,214,"34,772",3.5,3.6666666666666665,10.166666666666666,152.0
363,mo,clinton,8947,"39,940",3.0,3.75,19.0,150.0
364,mo,jasper,965,"35,333",3.5,3.5,11.0,32.0
365,mo,lincoln,1191,"34,561",3.0,3.75,28.0,53.0
366,mo,linn,1607,"36,069",3.0,4.0,11.6,120.0
367,mo,madison,541,"33,844",3.0,3.5,18.0,84.0
368,mo,holt,475,"46,764",3.0,3.5,175.0,6.0
369,ms,madison,25676,"58,444",3.2,3.8,8.8,44.0
370,ms,george,277,"31,656",3.076923076923077,3.6923076923076925,8.153846153846153,271.0
371,ms,grenada,12466,"31,056",3.0,4.25,9.5,26.0
372,ms,coahoma,329,"30,204",3.0,3.5,12.0,55.0
373,ms,marion,1479,"29,193",3.0,5.0,8.0,9.0
374,ms,pontotoc,6144,"29,277",3.0,3.5,3.0,14.0
375,ms,newton,3223,"33,198",3.0,5.0,8.0,12.0
376,ms,tishomingo,331,"29,121",3.0,1.0,3.0,9.0
377,ms,tunica,916,"30,581",3.0,3.5,12.0,27.0
378,ms,union,1924,"29,254",3.0,5.0,8.0,10.0
379,ms,sunflower,1007,"26,883",3.0,4.0,7.0,5.0
380,ms,quitman,2111,"24,420",3.0,5.0,8.0,14.0
381,mt,cascade,685,"41,893",3.0,4.5,6.75,19.0
382,nc,lenoir,17938,"35,597",3.0,4.1,12.8,96.0
383,nc,rockingham,8776,"33,261",3.0,4.5,12.0,58.0
384,nc,madison,2118,"29,263",3.263157894736842,3.5,8.105263157894736,507.0
385,nc,macon,111,"34,734",3.0,5.0,1.0,7.0
386,nc,brunswick,971,"36,576",3.125,3.0625,14.75,477.0
387,nc,henderson,14936,"37,444",3.0,5.0,1.0,23.0
388,nc,beaufort,4391,"37,538",3.0,4.0,9.0,10.0
389,nc,catawba,620,"38,414",3.142857142857143,3.9285714285714284,15.142857142857142,291.0
390,nc,cleveland,881,"32,809",3.0,4.166666666666667,11.0,64.0
391,nc,davidson,12921,"34,484",3.1666666666666665,3.3333333333333335,14.0,312.0
392,nc,franklin,4042,"31,256",4.0,2.5,2.0,7.0
393,nd,williams,15,"102,808",3.0,3.0,2.0,8.0
394,nd,richland,18,"43,573",3.0,3.5,8.5,21.0
395,nd,oliver,10,"46,166",3.0,4.5,6.0,32.0
396,nd,grant,105,"40,458",3.0,4.5,6.0,32.0
397,nd,barnes,21,"49,276",3.0,4.5,6.0,32.0
398,nd,morton,45,"50,815",3.0,4.5,6.0,32.0
399,nd,ransom,52,"43,100",3.0,3.6666666666666665,10.333333333333334,27.0
400,nd,mckenzie,99,"81,696",3.0,4.5,6.0,32.0
401,nd,grand forks,56948,"46,131",3.0,3.25,9.5,20.0
402,ne,madison,2381,"44,682",3.0,5.0,5.0,9.0
403,ne,pierce,1726,"55,980",3.0,5.0,5.0,4.0
404,ne,seward,7220,"45,424",3.0,4.0,4.0,33.0
405,ne,valley,2845,"42,877",3.2666666666666666,3.8333333333333335,11.2,313.0
406,ne,wayne,5622,"42,017",3.0,4.375,5.5,27.0
407,ne,cuming,233,"76,262",3.0,5.0,6.5,43.0
408,ne,stanton,1511,"42,472",3.0,5.0,5.0,26.0
409,ne,thayer,130,"52,541",3.0,5.0,9.0,61.0
410,ne,douglas,202,"57,890",3.0,5.0,9.0,112.0
411,ne,butler,619,"45,842",3.0,4.0,4.0,124.0
412,ne,cedar,61,"55,188",3.0,5.0,5.0,7.0
413,ne,jefferson,112,"47,692",3.0,5.0,9.0,58.0
414,ne,adams,912,"45,289",3.0,4.5,6.5,31.0
415,ne,washington,117,"50,337",3.0,4.25,18.0,121.0
416,ne,antelope,205,"53,502",3.0,5.0,5.0,4.0
417,nh,sullivan,675,"45,755",3.0,3.0,7.5,25.0
418,nh,carroll,742,"50,020",3.0,3.5,190.0,5.0
419,nh,grafton,1336,"52,320",3.25,4.0,9.75,60.0
420,nh,merrimack,25969,"51,831",3.0,3.6875,16.875,287.0
421,nh,strafford,4186,"43,174",3.0,4.666666666666667,13.0,326.0
422,nj,warren,15745,"49,188",3.25,3.0,11.25,204.0
423,nj,ocean,26708,"44,949",3.0,3.3333333333333335,8.333333333333334,133.0
424,nj,union,5525,"59,230",3.130434782608696,3.760869565217391,41.08695652173913,543.0
425,nj,salem,4747,"43,087",3.176470588235294,3.8529411764705883,18.764705882352942,537.0
426,nj,burlington,9884,"53,760",3.0,3.5,14.666666666666666,90.0
427,nj,morris,19145,"84,260",3.1142857142857143,4.114285714285714,94.51428571428572,12200.0
428,nj,cape may,3448,"51,473",3.5,3.75,20.5,29.0
429,nm,taos,5971,"33,342",3.0,3.5,7.0,23.0
430,nv,carson city,55414,"42,537",3.125,4.0625,39.125,387.0
431,nv,elko,20341,"42,169",3.0,4.0,12.0,6.0
432,ny,lewis,1306,"41,061",3.0,3.888888888888889,25.666666666666668,187.0
433,ny,putnam,576,"57,163",3.161290322580645,4.241935483870968,35.193548387096776,5600.0
434,ny,essex,636,"39,500",3.0,5.0,7.0,18.0
435,ny,livingston,3473,"36,686",4.0,1.0,1.0,31.0
436,ny,clinton,710,"38,463",3.0,5.0,5.0,29.0
437,ny,greene,5084,"41,786",3.142857142857143,3.7857142857142856,17.857142857142858,165.0
438,ny,chenango,10596,"36,583",3.0,3.75,11.5,58.0
439,ny,rensselaer,9212,"42,725",3.0,3.875,25.25,94.0
440,ny,oneida,10912,"38,764",3.0,4.0,19.0,6.0
441,ny,ontario,10088,"45,771",3.25,3.875,10.75,62.0
442,ny,allegany,7597,"31,518",3.0,3.5,3.0,7.0
443,ny,genesee,1608,"39,185",3.0,3.5,3.0,22.0
444,ny,hamilton,6443,"46,724",3.4,3.5,10.6,284.0
445,ny,orleans,2731,"34,128",3.0,2.75,31.5,35.0
446,ny,ulster,12593,"42,913",3.0,4.0,37.0,61.0
447,ny,tioga,4690,"41,958",3.125,3.4375,15.875,191.0
448,ny,rockland,3678,"53,434",3.0833333333333335,4.305555555555555,71.72222222222223,13700.0
449,ny,wayne,988,"39,367",3.2222222222222223,3.5,37.111111111111114,232.0
450,ny,jefferson,1421,"42,753",3.3076923076923075,3.6153846153846154,14.153846153846153,305.0
451,ny,broome,989,"38,276",3.125,3.3125,15.75,155.0
452,ny,saratoga,5725,"55,809",3.0,4.0,18.857142857142858,90.0
453,ny,orange,50092,"45,306",3.1538461538461537,4.134615384615385,92.1923076923077,5600.0
454,ny,nassau,4783,"75,376",3.0,4.0,21.25,61.0
455,ny,madison,2900,"38,109",3.0,4.5,12.666666666666666,271.0
456,ny,sullivan,15149,"38,880",3.3333333333333335,3.9166666666666665,34.916666666666664,518.0
457,ny,niagara,8005,"39,110",3.0,3.375,26.5,44.0
458,ny,steuben,1127,"39,559",3.0,4.0,7.0,85.0
459,ny,seneca,2683,"34,271",3.0,4.0,7.0,20.0
460,ny,monroe,19791,"45,897",3.0,3.1666666666666665,22.333333333333332,30.0
461,ny,montgomery,24022,"36,597",3.0,5.0,4.0,7.0
462,ny,richmond,3246,"48,150",3.0,4.166666666666667,37.0,67.0
463,oh,scioto,3543,"33,430",4.0,3.0,3.0,51.0
464,oh,tuscarawas,1849,"38,918",3.0,2.75,6.5,8.0
465,oh,highland,2286,"31,379",3.0,4.0,7.5,23.0
466,oh,allen,1085,"36,813",3.0,3.8333333333333335,4.333333333333333,76.0
467,oh,hocking,4833,"32,511",3.1666666666666665,4.0,22.916666666666668,759.0
468,oh,crawford,1853,"34,696",3.0,4.5,6.0,16.0
469,oh,adams,1073,"30,254",3.5,3.5,2.75,110.0
470,oh,butler,3448,"40,702",3.0,4.0,9.0,9.0
471,oh,miami,42554,"41,460",3.0,2.5,14.0,8.0
472,oh,brown,7482,"31,949",3.1052631578947367,3.973684210526316,23.789473684210527,661.0
473,oh,clinton,4102,"38,592",3.0,4.0,9.0,5.0
474,oh,knox,4201,"38,388",3.0,4.0625,36.0625,865.0
475,oh,fulton,3210,"39,673",3.0,4.333333333333333,30.166666666666668,102.0
476,oh,ottawa,7764,"44,317",3.0,5.0,3.0,28.0
477,oh,fayette,8859,"33,952",3.1875,3.9375,20.9375,450.0
478,oh,lawrence,2473,"33,507",3.0,3.8333333333333335,9.333333333333334,92.0
479,oh,licking,4899,"40,333",3.0526315789473686,3.973684210526316,40.0,852.0
480,oh,seneca,447,"34,204",3.142857142857143,3.7857142857142856,13.571428571428571,194.0
481,oh,summit,610,"45,112",3.0555555555555554,4.0,20.77777777777778,1100.0
482,oh,muskingum,4538,"36,560",3.0,4.333333333333333,2.0,111.0
483,oh,carroll,2100,"35,185",3.0,2.5,24.0,15.0
484,oh,erie,1202,"57,133",3.0,4.3,12.7,324.0
485,oh,pickaway,2112,"36,123",3.090909090909091,4.2272727272727275,46.0,849.0
486,oh,greene,965,"43,515",3.0,4.029411764705882,30.294117647058822,1100.0
487,oh,henry,4321,"39,851",3.2,3.4,16.4,200.0
488,oh,pike,4115,"32,934",3.6666666666666665,3.1666666666666665,3.0,37.0
489,oh,holmes,1262,"36,069",3.0,3.642857142857143,8.285714285714286,357.0
490,oh,washington,1858,"37,943",3.0,2.75,5.0,11.0
491,oh,marion,36087,"32,292",3.0,4.131578947368421,25.31578947368421,731.0
492,oh,jackson,6242,"32,512",4.0,1.0,3.0,68.0
493,oh,clark,3030,"36,077",3.0,4.0,28.285714285714285,1000.0
494,oh,franklin,11686,"45,894",3.0,3.7,12.2,130.0
495,oh,fairfield,42613,"40,094",3.0,4.25,19.5,64.0
496,oh,delaware,39930,"63,042",3.0,4.0,44.75,145.0
497,oh,defiance,16663,"37,310",3.2,3.4,14.8,250.0
498,oh,ashtabula,18079,"34,087",3.0588235294117645,3.8529411764705883,10.941176470588236,437.0
499,oh,columbiana,6231,"34,446",3.0,2.75,11.0,91.0
500,oh,medina,26072,"47,712",3.0,3.5,7.0,27.0
501,oh,monroe,13887,"29,895",3.0,5.0,5.0,23.0
502,oh,huron,6893,"36,022",3.0,4.0,9.0,10.0
503,oh,sandusky,24714,"36,561",3.0,4.0,9.0,14.0
504,oh,noble,1704,"24,020",3.0,4.333333333333333,7.666666666666667,67.0
505,oh,montgomery,10805,"41,017",3.0,4.214285714285714,34.0,159.0
506,oh,morgan,2097,"29,734",3.0,4.166666666666667,2.0,84.0
507,oh,lake,725,"44,891",3.111111111111111,3.9444444444444446,12.61111111111111,743.0
508,oh,richland,6123,"35,138",3.1875,3.65625,23.25,326.0
509,oh,perry,3407,"32,356",3.0,4.5,3.0,41.0
510,oh,auglaize,2657,"42,446",3.3333333333333335,4.333333333333333,3.3333333333333335,107.0
511,oh,trumbull,1353,"35,997",3.2666666666666666,3.7333333333333334,10.333333333333334,709.0
512,oh,meigs,3780,"30,516",3.0,4.75,1.5,49.0
513,oh,ashland,20423,"34,388",3.0,4.166666666666667,11.333333333333334,30.0
514,oh,jefferson,1011,"34,487",3.1333333333333333,3.7666666666666666,9.0,554.0
515,oh,warren,38382,"50,919",3.0,3.5,14.0,28.0
516,oh,van wert,10680,"37,490",3.4,4.0,14.2,141.0
517,oh,shelby,9030,"40,925",3.0,4.5,6.0,16.0
518,ok,muskogee,37402,"33,556",3.5,1.5,1.5,12.0
519,ok,noble,6874,"42,917",3.0,5.0,1.0,94.0
520,ok,okmulgee,11795,"31,883",3.0714285714285716,3.607142857142857,12.142857142857142,289.0
521,ok,osage,155,"34,574",3.0,3.8181818181818183,11.272727272727273,330.0
522,ok,seminole,7172,"34,254",3.0,4.0,4.0,198.0
523,ok,wagoner,9061,"36,245",3.0,4.214285714285714,7.142857142857143,315.0
524,ok,pawnee,2117,"34,000",3.0,3.8333333333333335,5.0,64.0
525,ok,mccurtain,504,"30,316",3.0,5.0,7.0,65.0
526,ok,marshall,299,"31,123",3.3333333333333335,3.6666666666666665,6.666666666666667,22.0
527,ok,beaver,1404,"54,140",3.0,5.0,2.0,5.0
528,ok,atoka,3131,"29,639",3.0,4.5,6.0,21.0
529,ok,le flore,176,"31,273",3.0,5.0,7.0,52.0
530,ok,canadian,205,"43,656",3.5,1.5,1.5,16.0
531,ok,carter,239,"42,438",4.0,1.5,2.0,14.0
532,ok,cherokee,1507,"29,129",3.25,3.125,5.75,14.0
533,ok,choctaw,12624,"30,261",3.0,4.0,4.0,26.0
534,ok,comanche,1567,"37,682",3.0,4.0,10.0,92.0
535,ok,garvin,254,"38,125",4.0,4.0,8.0,17.0
536,ok,haskell,1923,"34,161",3.0,3.2,7.4,258.0
537,ok,jefferson,8,"35,341",3.5,3.75,7.0,44.0
538,ok,kingfisher,4924,"46,789",3.0,4.083333333333333,15.083333333333334,215.0
539,or,yamhill,1172,"37,891",3.0,3.375,34.0,514.0
540,or,tillamook,5311,"37,857",3.0,2.5,3.0,6.0
541,or,hood river,7806,"44,061",3.0,4.166666666666667,11.666666666666666,33.0
542,or,wasco,393,"38,229",3.0,4.5,3.5,26.0
543,pa,lawrence,7561,"38,684",3.0,4.166666666666667,10.0,29.0
544,pa,clarion,3909,"37,115",3.0,3.4,8.9,186.0
545,pa,schuylkill,8641,"36,707",3.0555555555555554,4.027777777777778,15.277777777777779,852.0
546,pa,venango,831,"37,164",3.0,3.5,2.0,22.0
547,pa,susquehanna,1859,"38,806",3.0,3.375,26.5,157.0
548,pa,cambria,5738,"37,901",3.0,5.0,5.0,98.0
549,pa,clinton,2795,"35,673",3.0,4.0,10.0,21.0
550,pa,lehigh,486,"46,517",3.0869565217391304,3.891304347826087,18.434782608695652,2700.0
551,pa,montour,1295,"49,530",3.0,4.0,6.5,51.0
552,pa,tioga,954,"36,578",3.0,3.6666666666666665,29.0,106.0
553,pa,luzerne,5903,"39,311",3.0,3.5,13.0,28.0
554,pa,montgomery,6222,"69,983",3.5,3.5,5.5,19.0
555,pa,carbon,370,"42,613",3.2,3.6,15.25,775.0
556,pa,armstrong,2854,"40,751",3.1052631578947367,3.789473684210526,13.789473684210526,933.0
557,pa,delaware,1552,"55,959",3.1333333333333333,4.033333333333333,74.2,2800.0
558,pa,fayette,3587,"37,370",3.142857142857143,3.761904761904762,15.80952380952381,833.0
559,pa,clearfield,2561,"38,657",3.0,4.5,18.0,103.0
560,pa,fulton,3181,"37,895",3.0,3.5833333333333335,16.0,302.0
561,pa,lycoming,1462,"39,745",3.0,4.0,6.5,83.0
562,pa,somerset,12184,"36,771",3.0,2.5,3.0,30.0
563,pa,sullivan,1455,"41,880",3.0,3.625,7.75,129.0
564,pa,northampton,39231,"46,336",3.0,5.0,23.0,47.0
565,pa,blair,4502,"39,921",3.0,4.5,16.666666666666668,132.0
566,pa,bradford,8280,"37,530",3.0,3.5,3.0,9.0
567,pa,columbia,1164,"36,304",3.0,3.4375,9.5,177.0
568,pa,beaver,970,"41,977",3.5,1.5,7.5,16.0
569,pa,adams,1847,"43,154",3.0714285714285716,3.642857142857143,17.928571428571427,889.0
570,pa,butler,12993,"50,199",3.0,4.0,17.0,39.0
571,pa,chester,33909,"72,118",3.0,4.25,52.5,164.0
572,pa,lancaster,59420,"44,259",3.3333333333333335,4.666666666666667,3.0,119.0
573,pa,snyder,320,"37,269",3.0,3.0,25.857142857142858,395.0
574,pa,union,9835,"35,578",3.3333333333333335,3.6666666666666665,6.333333333333333,122.0
575,pa,washington,13508,"50,489",3.0,3.0,10.0,22.0
576,pa,cumberland,6256,"48,865",3.0833333333333335,3.6666666666666665,20.75,523.0
577,pa,allegheny,6536,"52,606",3.0833333333333335,3.7083333333333335,18.458333333333332,1000.0
578,pa,pike,1758,"39,512",3.0714285714285716,3.7142857142857144,35.785714285714285,1300.0
579,pa,york,44118,"42,911",3.142857142857143,3.5,9.714285714285714,81.0
580,pa,centre,4255,"41,373",3.0,4.333333333333333,13.666666666666666,113.0
581,pa,monroe,1308,"36,665",3.1,3.925,28.55,1100.0
582,pa,juniata,941,"36,266",3.25,3.125,7.75,90.0
583,pa,jefferson,2050,"38,678",3.2666666666666666,3.9,18.733333333333334,822.0
584,pa,potter,568,"35,073",3.0,3.5,3.0,29.0
585,pa,greene,2369,"41,836",3.125,3.84375,17.125,757.0
586,pa,wayne,1123,"36,740",3.1,4.15,18.5,332.0
587,pa,perry,331,"38,499",3.1,3.2,15.25,479.0
588,pa,bedford,5172,"36,009",3.0,5.0,5.0,6.0
589,pa,indiana,7168,"35,033",3.0,2.5,8.0,14.0
590,ri,newport,24590,"58,825",3.0,4.0,23.0,55.0
591,ri,bristol,22131,"66,397",3.0,4.0,10.0,62.0
592,sc,lancaster,9175,"37,351",3.0,3.5,25.4,252.0
593,sc,laurens,8846,"30,681",3.0625,3.625,10.8125,460.0
594,sc,lexington,21737,"40,433",3.25,4.0,9.75,159.0
595,sc,mccormick,2346,"30,467",3.0,3.5,14.0,13.0
596,sc,marion,6427,"27,284",3.0,3.0,8.5,13.0
597,sc,newberry,10337,"33,748",3.1666666666666665,3.3333333333333335,10.0,623.0
598,sc,saluda,3632,"30,675",3.1818181818181817,3.6818181818181817,8.181818181818182,413.0
599,sc,spartanburg,37644,"38,173",3.0,5.0,2.0,52.0
600,sc,union,7764,"29,080",3.0,5.0,2.0,48.0
601,sc,york,8235,"39,488",3.1578947368421053,4.105263157894737,18.68421052631579,624.0
602,sc,orangeburg,12903,"29,671",3.0,3.590909090909091,14.181818181818182,396.0
603,sc,kershaw,2249,"35,877",3.0,3.8333333333333335,26.416666666666668,1100.0
604,sc,pickens,3164,"33,246",3.1666666666666665,3.75,16.833333333333332,222.0
605,sc,allendale,2979,"26,617",3.0,4.0,8.0,186.0
606,sc,hampton,2531,"27,252",3.0,3.75,5.75,167.0
607,sc,aiken,30778,"36,900",3.0,4.0,6.0,32.0
608,sc,anderson,27380,"34,814",3.0,4.0,7.0,34.0
609,sc,bamberg,3237,"30,041",3.0,4.25,17.0,111.0
610,sc,barnwell,4367,"29,978",3.0,4.0,6.0,29.0
611,sc,beaufort,13357,"48,552",3.0,4.0,7.0,56.0
612,sc,chesterfield,1420,"26,476",3.0,3.7666666666666666,23.266666666666666,980.0
613,sc,darlington,5928,"32,571",3.0,4.25,7.5,20.0
614,sc,dillon,6367,"24,259",3.0,3.1666666666666665,7.666666666666667,14.0
615,sc,edgefield,4769,"30,301",3.1666666666666665,3.5,9.0,174.0
616,sc,florence,37625,"36,050",3.0,4.25,7.5,18.0
617,sc,george,8779,"39,576",3.2,4.1,23.8,499.0
618,sc,chester,5393,"29,578",3.0,3.5,32.083333333333336,1300.0
619,sd,hamlin,247,"37,292",3.0,3.0,6.5,9.0
620,sd,turner,182,"56,665",4.0,4.0,16.0,61.0
621,sd,miner,33,"39,964",3.0,1.0,1.0,16.0
622,sd,spink,252,"54,583",3.0,4.166666666666667,5.666666666666667,26.0
623,sd,day,92,"43,932",3.0,2.5,3.0,5.0
624,sd,lake,50,"52,731",3.5,3.75,13.0,64.0
625,sd,union,55,"85,959",3.1538461538461537,4.5,54.30769230769231,1100.0
626,sd,aurora,789,"46,881",3.0,3.5,10.0,4.0
627,sd,brookings,24509,"42,256",3.0,3.5,10.0,4.0
628,sd,clark,1065,"51,723",3.0,2.5,3.0,9.0
629,sd,custer,1935,"42,449",3.0,3.6666666666666665,13.333333333333334,40.0
630,sd,jackson,160,"25,520",3.0714285714285716,4.142857142857143,14.642857142857142,905.0
631,sd,yankton,14700,"43,366",3.0,4.5,44.0,10.0
632,sd,grant,125,"56,042",3.0,2.5,3.0,6.0
633,sd,lincoln,1331,"59,375",4.0,4.0,16.0,61.0
634,tn,unicoi,3577,"33,592",3.0,4.0,6.0,41.0
635,tn,loudon,5809,"41,723",3.0,1.0,6.0,18.0
636,tn,dickson,15583,"34,521",4.0,3.0,8.5,13.0
637,tx,parker,4802,"48,793",3.0,3.9285714285714284,23.857142857142858,320.0
638,tx,newton,2359,"28,988",3.0,3.5,13.333333333333334,78.0
639,tx,menard,1398,"34,927",3.0,4.0,29.0,42.0
640,tx,presidio,3991,"37,989",3.5,3.5,31.5,3.0
641,tx,llano,3537,"43,872",3.5,2.5,5.5,26.0
642,tx,liberty,9349,"34,237",3.5,3.75,8.5,82.0
643,tx,montgomery,1034,"64,325",3.0,3.75,10.333333333333334,170.0
644,tx,refugio,2771,"45,700",3.3636363636363638,3.590909090909091,19.727272727272727,180.0
645,tx,san patricio,382,"42,008",3.1666666666666665,3.8333333333333335,15.666666666666666,150.0
646,tx,lampasas,7909,"46,015",3.0,5.0,7.0,47.0
647,tx,yoakum,5944,"45,913",3.6,3.2,9.6,126.0
648,tx,wilson,484,"41,750",3.0,4.1,16.0,136.0
649,tx,wharton,8654,"40,827",3.1176470588235294,4.147058823529412,36.35294117647059,2900.0
650,tx,rockwall,45112,"52,337",3.0,4.0,25.0,115.0
651,tx,terrell,18126,"48,732",3.0,3.8333333333333335,13.666666666666666,435.0
652,tx,sherman,42462,"62,704",3.0,4.25,3.5,29.0
653,tx,scurry,761,"49,252",3.0476190476190474,4.214285714285714,34.0,3900.0
654,tx,san saba,3158,"30,997",3.0,3.5,8.0,71.0
655,tx,san augustine,1877,"33,653",3.0,3.5,4.5,27.0
656,tx,trinity,2771,"32,491",4.0,4.0,6.0,14.0
657,tx,kenedy,3448,"55,325",3.0,3.1666666666666665,18.8,512.0
658,tx,jones,2083,"29,005",3.0,4.0,4.0,53.0
659,tx,crane,3680,"48,502",3.0,3.25,10.25,111.0
660,tx,comanche,4170,"38,180",3.0,2.5,5.0,22.0
661,tx,coleman,4379,"39,495",3.0,4.0,4.0,60.0
662,tx,caldwell,4397,"30,028",3.5,3.125,11.25,232.0
663,tx,burleson,47282,"40,362",4.0,4.0,4.0,70.0
664,tx,crockett,6532,"38,419",3.0,3.5,3.0,48.0
665,tx,bastrop,9420,"31,882",3.0,3.0,17.0,26.0
666,tx,kaufman,7467,"37,453",3.0,4.0,16.166666666666668,316.0
667,tx,andrews,13762,"53,851",3.0,3.1666666666666665,14.0,120.0
668,tx,anderson,234,"30,978",3.1666666666666665,3.5,9.0,160.0
669,tx,mason,2264,"43,435",3.0,4.0,1.0,53.0
670,tx,jasper,7644,"36,848",3.0,3.5,3.0,52.0
671,tx,dawson,797,"31,777",3.0,3.125,20.0,308.0
672,tx,henderson,13280,"36,123",3.3333333333333335,2.5,11.666666666666666,149.0
673,tx,hemphill,1239,"95,018",3.0,5.0,3.0,35.0
674,tx,haskell,3242,"34,551",3.0,4.0,4.0,6.0
675,tx,jefferson,1961,"40,555",3.5,3.5,9.0,140.0
676,tx,hardin,913,"41,209",3.0,5.0,3.0,32.0
677,tx,gonzales,7606,"42,371",3.0,3.5,3.0,7.0
678,tx,goliad,1976,"44,484",4.0,3.5,7.0,67.0
679,tx,galveston,50457,"48,054",3.0,4.0,18.5,60.0
680,tx,franklin,1623,"34,871",3.3333333333333335,2.5,13.666666666666666,202.0
681,tx,ector,726,"47,802",3.0,4.25,3.5,50.0
682,tx,eastland,3919,"49,212",3.0,3.0,9.0,17.0
683,tx,hamilton,3016,"52,377",3.0,4.166666666666667,8.833333333333334,206.0
684,ut,washington,27686,"31,163",3.0,4.0,5.0,83.0
685,ut,tooele,35251,"31,564",3.0,2.5,5.0,14.0
686,ut,uintah,1342,"34,107",3.0,4.5,15.0,81.0
687,va,shenandoah,2339,"39,354",3.0,4.5,15.0,6.0
688,va,pulaski,8726,"35,624",3.0,3.0,9.0,40.0
689,va,surry,220,"37,898",3.25,3.5,16.125,235.0
690,va,floyd,439,"33,906",3.0,3.25,12.0,60.0
691,va,buchanan,1171,"32,044",3.3333333333333335,3.5,12.666666666666666,226.0
692,va,appomattox,1792,"33,792",3.0,3.5,4.0,90.0
693,va,franklin,8013,"35,700",3.142857142857143,3.7857142857142856,12.785714285714286,734.0
694,vt,essex,21911,"32,250",3.125,3.625,26.25,129.0
695,vt,franklin,1434,"41,083",3.212121212121212,3.696969696969697,17.424242424242426,507.0
696,vt,washington,1016,"51,829",3.1875,4.03125,25.625,262.0
697,vt,bennington,15002,"47,187",3.0,3.5,8.0,11.0
698,vt,chittenden,1190,"54,081",3.0,4.375,41.0,30.0
699,vt,windham,401,"45,232",3.0,3.6666666666666665,23.416666666666668,194.0
700,vt,windsor,3348,"51,248",3.0,3.625,38.25,9.0
701,vt,grand isle,2092,"52,279",3.5,2.25,8.0,13.0
702,wa,walla walla,32986,"39,426",3.0,2.0,18.0,34.0
703,wa,pacific,7219,"37,554",3.0,5.0,6.0,50.0
704,wa,garfield,618,"40,606",3.0,2.5,28.0,24.0
705,wa,snohomish,10185,"46,896",3.076923076923077,4.269230769230769,104.23076923076923,2000.0
706,wa,kittitas,1493,"37,142",3.0,2.0,40.0,23.0
707,wa,okanogan,2591,"36,553",3.0,3.5,8.5,13.0
708,wa,asotin,1294,"40,377",3.0,4.0,6.5,23.0
709,wi,rusk,411,"38,750",3.0,2.0,3.0,17.0
710,wi,lafayette,5979,"41,854",3.0,4.5,6.0,31.0
711,wi,grant,930,"38,957",3.0,4.0,18.0,39.0
712,wi,dunn,5250,"36,749",3.0,3.9,20.8,232.0
713,wi,washington,716,"49,977",3.0,4.666666666666667,11.333333333333334,26.0
714,wi,calumet,1483,"44,584",3.0,3.7,14.3,250.0
715,wi,forest,1082,"35,826",3.0,2.5,3.0,13.0
716,wi,pierce,818,"41,714",3.0625,4.03125,27.8125,930.0
717,wi,langlade,449,"38,889",3.0,3.3333333333333335,8.0,31.0
718,wi,marathon,1105,"43,801",3.0,3.3333333333333335,8.0,24.0
719,wi,douglas,728,"37,422",3.0,4.75,6.5,45.0
720,wi,oneida,4746,"44,723",3.142857142857143,3.2857142857142856,5.714285714285714,146.0
721,wi,pepin,717,"43,359",3.25,3.0625,13.125,241.0
722,wi,richland,1259,"38,365",3.0,3.3,34.6,38.0
723,wi,rock,3211,"38,799",3.142857142857143,3.9285714285714284,17.0,776.0
724,wi,trempealeau,1880,"40,883",3.0,2.5,3.0,10.0
725,wi,walworth,1713,"41,674",3.0,3.0,66.0,7.0
726,wi,polk,4006,"40,951",3.0,3.6666666666666665,12.666666666666666,48.0
727,wi,vernon,7678,"36,839",3.0,3.5,18.0,35.0
728,wi,wood,759,"41,025",3.0,3.25,4.5,56.0
729,wi,vilas,229,"45,830",3.0,3.5,16.0,29.0
730,wi,jackson,986,"40,515",3.0,4.0,15.0,66.0
731,wi,adams,1895,"34,448",3.0,3.3,34.6,60.0
732,wi,barron,3321,"42,944",3.0,2.0,3.0,5.0
733,wi,brown,274,"46,364",3.090909090909091,3.590909090909091,6.7272727272727275,215.0
734,wi,lincoln,298,"39,220",3.0,4.083333333333333,10.333333333333334,164.0
735,wi,jefferson,8034,"39,794",3.0,5.0,7.0,56.0
736,wi,green lake,958,"43,012",3.111111111111111,3.4444444444444446,17.444444444444443,204.0
737,wi,la crosse,51567,"43,802",3.0,3.3333333333333335,8.333333333333334,28.0
738,wi,waupaca,5896,"41,358",3.0,3.6666666666666665,3.8333333333333335,171.0
739,wi,sheboygan,48180,"45,449",3.0,4.5,83.0,19.0
740,wi,oconto,4517,"40,612",3.0,3.25,6.0,8.0
741,wi,marinette,10608,"39,004",3.0,3.25,16.5,15.0
742,wi,manitowoc,32627,"43,040",3.0,4.5,5.5,12.0
743,wv,wayne,1392,"29,049",3.0,3.0,4.0,33.0
744,wv,morgan,30955,"30,670",3.0,4.75,1.5,72.0
745,wv,clay,448,"28,882",3.0,5.0,5.5,53.0
746,wy,laramie,32473,"49,426",3.0,3.5,9.0,21.0
